0,0.0,3421.6000000000004,2.1056,169791.59999999998,4.24479,0.0411447435666778,46.2970517972644,2.0172307692307694,2.0172307692307694,32536.4,162682.0,162682.0,0.81341,4.06705,4.06705,0.008277580291729956,0.04138790145864978,0.04138790145864978,9.31413177727528,46.5706588863764,46.5706588863764
0,0.2,1037.1999999999998,0.6382769230769231,144564.0,3.6141,0.04114562745815913,55.30944295344398,0.6547692307692308,0.6547692307692308,29684.2,148421.0,148421.0,0.742105,3.710525,3.710525,0.008188416274428857,0.040942081372144286,0.040942081372144286,11.007165786209587,55.03582893104794,55.03582893104794
0,0.4,1941.8000000000002,1.194953846153846,160039.6,4.00099,0.04105785421175407,50.05103105902405,1.1833846153846155,1.1833846153846155,31724.0,158620.0,158620.0,0.7931,3.9655,3.9655,0.008152654751377778,0.040763273756888894,0.040763273756888894,9.938385334757525,49.69192667378763,49.69192667378763
0,0.6,767.8,0.47249230769230766,86595.0,2.164875,0.041210967257734654,48.370882538499316,0.4916923076923077,0.4916923076923077,17924.8,89624.0,89624.0,0.44812,2.2406,2.2406,0.008274990482137643,0.04137495241068822,0.04137495241068822,9.712671632174695,48.56335816087348,48.56335816087348
0,0.8,1777.0,1.0935384615384616,192760.6,4.819015,0.04128761850162903,52.59099427502471,1.0756923076923077,1.0756923076923077,38039.0,190195.0,190195.0,0.950975,4.754875,4.754875,0.008251499425127214,0.04125749712563607,0.04125749712563607,10.510525304580431,52.55262652290216,52.55262652290216
0,1.0,2139.0,1.3163076923076922,120852.0,3.0213,0.04097227860824756,45.31608301729699,1.3304615384615384,1.3304615384615384,24399.4,121997.0,121997.0,0.609985,3.049925,3.049925,0.008178280476496064,0.040891402382480325,0.040891402382480325,9.045326489043083,45.226632445215415,45.226632445215415
0,1.2,1046.2,0.6438153846153847,116163.59999999999,2.90409,0.04112430673932578,48.80239256762408,0.6387692307692308,0.6387692307692308,23077.8,115389.0,115389.0,0.576945,2.884725,2.884725,0.008102635368105286,0.04051317684052643,0.04051317684052643,9.615432415021239,48.077162075106195,48.077162075106195
0,1.4,1031.4,0.6347076923076924,171675.6,4.29189,0.04095364007191286,42.42631008346588,0.6418461538461538,0.6418461538461538,34558.8,172794.0,172794.0,0.8639699999999999,4.31985,4.31985,0.0081783857661182,0.040891928830591,0.040891928830591,8.472475948078229,42.36237974039114,42.36237974039114
1,0.0,3340.2000000000003,2.055507692307692,165566.4,4.13916,0.04128528324100453,46.45519040788255,1.9476923076923076,1.9476923076923076,31349.2,156746.0,156746.0,0.78373,3.91865,3.91865,0.008324589220736442,0.04162294610368221,0.04162294610368221,9.3670273511077,46.8351367555385,46.8351367555385
1,0.2,1023.4000000000001,0.6297846153846154,141293.4,3.532335,0.04120946687616152,55.39525821174268,0.6449230769230769,0.6449230769230769,28985.2,144926.0,144926.0,0.72463,3.62315,3.62315,0.008185347179464893,0.040926735897324464,0.040926735897324464,11.003040197579283,55.015200987896414,55.015200987896414
1,0.4,1894.0,1.1655384615384616,155938.4,3.89846,0.0410536771696378,50.04593909139178,1.147076923076923,1.147076923076923,30699.4,153497.0,153497.0,0.767485,3.837425,3.837425,0.008205146398922645,0.04102573199461323,0.04102573199461323,10.002374579496363,50.011872897481815,50.011872897481815
1,0.6,752.6,0.46313846153846155,84550.79999999999,2.1137699999999997,0.04124807450349109,48.414436726746985,0.48123076923076924,0.48123076923076924,17442.8,87214.0,87214.0,0.43606999999999996,2.18035,2.18035,0.008294272530395328,0.041471362651976644,0.041471362651976644,9.735303706921716,48.67651853460858,48.67651853460858
1,0.8,1750.6,1.0772923076923078,188995.19999999998,4.72488,0.04127858603079275,52.57948897054652,1.0707692307692307,1.0707692307692307,37777.4,188887.0,188887.0,0.944435,4.722175,4.722175,0.008267361936310367,0.04133680968155183,0.04133680968155183,10.53073052021397,52.65365260106985,52.65365260106985
1,1.0,2107.8,1.297107692307692,118801.6,2.97004,0.04103386520257213,45.38419890725882,1.32,1.32,24171.8,120859.0,120859.0,0.604295,3.021475,3.021475,0.008173162548254367,0.04086581274127183,0.04086581274127183,9.039665967613583,45.19832983806792,45.19832983806792
1,1.2,1033.6,0.6360615384615385,113893.0,2.8473249999999997,0.041251687758192435,48.95355617331838,0.6301538461538462,0.6301538461538462,22651.6,113258.0,113258.0,0.56629,2.83145,2.83145,0.008143867763513772,0.04071933881756886,0.04071933881756886,9.66436307687977,48.321815384398846,48.321815384398846
1,1.4,1015.2,0.6247384615384616,167393.2,4.18483,0.041017709338562525,42.492683245141514,0.6332307692307693,0.6332307692307693,33873.4,169367.0,169367.0,0.8468349999999999,4.234175,4.234175,0.008174414438528912,0.04087207219264456,0.04087207219264456,8.468361813768059,42.3418090688403,42.3418090688403
2,0.0,3269.5999999999995,2.0120615384615386,161934.4,4.04836,0.041248824210484356,46.414165832732756,1.9236923076923076,1.9236923076923076,30932.6,154663.0,154663.0,0.773315,3.866575,3.866575,0.00832776016804055,0.04163880084020275,0.04163880084020275,9.370595377029328,46.852976885146646,46.852976885146646
2,0.2,1011.9999999999999,0.6227692307692307,138779.8,3.469495,0.04128379828062571,55.49517717832161,0.6363076923076924,0.6363076923076924,28377.0,141885.0,141885.0,0.709425,3.547125,3.547125,0.00819967775182789,0.040998388759139456,0.040998388759139456,11.022303872082912,55.111519360414555,55.111519360414555
2,0.4,1865.9999999999998,1.1483076923076923,153598.19999999998,3.839955,0.04108376084158252,50.08261219152772,1.129846153846154,1.129846153846154,30183.8,150919.0,150919.0,0.754595,3.772975,3.772975,0.008187961208409075,0.040939806042045376,0.040939806042045376,9.98142520158407,49.90712600792035,49.90712600792035
2,0.6,741.0,0.456,82989.80000000002,2.074745,0.041340669017331064,48.52311843578458,0.4775384615384615,0.4775384615384615,17268.2,86341.0,86341.0,0.431705,2.158525,2.158525,0.00829118735606016,0.0414559367803008,0.0414559367803008,9.731682520249636,48.65841260124818,48.65841260124818
2,0.8,1724.0000000000002,1.0609230769230769,185362.2,4.634055,0.041282324910278306,52.58425144890581,1.0449230769230768,1.0449230769230768,36661.4,183307.0,183307.0,0.916535,4.582675,4.582675,0.008259508213859137,0.04129754106929569,0.04129754106929569,10.520726671906422,52.60363335953211,52.60363335953211
2,1.0,2064.0,1.2701538461538462,115665.0,2.8916249999999994,0.04116324117954359,45.52729108353097,1.28,1.28,23241.6,116208.0,116208.0,0.58104,2.9052,2.9052,0.008210669769603841,0.04105334884801921,0.04105334884801921,9.081149634477033,45.40574817238517,45.40574817238517
2,1.2,1021.8,0.6288,112143.0,2.803575,0.04127829480815773,48.985130874521346,0.6227692307692307,0.6227692307692307,22333.4,111667.0,111667.0,0.558335,2.791675,2.791675,0.008166000028803811,0.04083000014401906,0.04083000014401906,9.690627531766312,48.45313765883156,48.45313765883156
2,1.4,1001.8,0.6164923076923077,163710.80000000002,4.092770000000001,0.041018176357489076,42.49316705780769,0.6252307692307693,0.6252307692307693,33160.0,165800.0,165800.0,0.829,4.145,4.145,0.008197227907481203,0.04098613953740601,0.04098613953740601,8.491995642315409,42.459978211577045,42.459978211577045
3,0.0,3230.6000000000004,1.9880615384615385,159989.2,3.99973,0.04136863556311748,46.54898043887478,1.8855384615384616,1.8855384615384616,30348.4,151742.0,151742.0,0.75871,3.79355,3.79355,0.00839198016313497,0.04195990081567485,0.04195990081567485,9.442857255013527,47.214286275067636,47.214286275067636
3,0.2,1002.8000000000001,0.6171076923076922,136894.8,3.42237,0.04139594367628382,55.645927081697174,0.6350769230769231,0.6350769230769231,28087.2,140436.0,140436.0,0.70218,3.5109,3.5109,0.008241615895249136,0.041208079476245676,0.041208079476245676,11.078678643703283,55.393393218516415,55.393393218516415
3,0.4,1831.2,1.1268923076923076,150636.80000000002,3.76592,0.041187788234059,50.20942540063933,1.108923076923077,1.108923076923077,29644.0,148220.0,148220.0,0.7411,3.7055,3.7055,0.008220681628720396,0.04110340814360198,0.04110340814360198,10.021312594744458,50.10656297372229,50.10656297372229
3,0.6,730.6,0.4496,81665.8,2.041645,0.041351835868815946,48.536225394864715,0.4726153846153846,0.4726153846153846,17076.0,85380.0,85380.0,0.4269,2.1345,2.1345,0.00828739485946586,0.041436974297329295,0.041436974297329295,9.7272311224908,48.636155612454,48.636155612454
3,0.8,1702.7999999999997,1.0478769230769232,182297.40000000002,4.557435,0.041328676876455805,52.643293265226134,1.0369230769230768,1.0369230769230768,36278.8,181394.0,181394.0,0.9069699999999999,4.53485,4.53485,0.008284550787132935,0.04142275393566468,0.04142275393566468,10.552625189560626,52.763125947803125,52.763125947803125
3,1.0,2042.6,1.2569846153846154,114111.2,2.8527799999999996,0.04125502208697199,45.628802431244765,1.2603076923076924,1.2603076923076924,22802.8,114014.0,114014.0,0.5700700000000001,2.85035,2.85035,0.008202296139714184,0.04101148069857092,0.04101148069857092,9.071888247995114,45.35944123997557,45.35944123997557
3,1.2,1012.4000000000001,0.6230153846153845,110525.4,2.763135,0.04139116717934177,49.119077005296944,0.6178461538461538,0.6178461538461538,22024.4,110122.0,110122.0,0.55061,2.75305,2.75305,0.008212159279532446,0.04106079639766223,0.04106079639766223,9.745404914129626,48.727024570648126,48.727024570648126
3,1.4,992.8000000000001,0.6109538461538462,161069.4,4.0267349999999995,0.04105235135138356,42.528570965385185,0.6221538461538462,0.6221538461538462,32914.6,164573.0,164573.0,0.822865,4.114325,4.114325,0.008213013346291789,0.04106506673145894,0.04106506673145894,8.50834871668451,42.54174358342255,42.54174358342255
4,0.0,3181.2000000000003,1.9576615384615386,157553.8,3.938845,0.041397109959359496,46.58102051212437,1.868923076923077,1.868923076923077,30069.4,150347.0,150347.0,0.751735,3.758675,3.758675,0.00838344012627427,0.041917200631371346,0.041917200631371346,9.433247800813145,47.16623900406573,47.16623900406573
4,0.2,992.0,0.6104615384615384,134520.0,3.363,0.04139280074595185,55.64170224089045,0.6313846153846154,0.6313846153846154,27808.2,139041.0,139041.0,0.695205,3.476025,3.476025,0.008246290199214936,0.04123145099607468,0.04123145099607468,11.084962012423478,55.424810062117395,55.424810062117395
4,0.4,1812.6,1.115446153846154,149073.8,3.726845,0.04127174911850547,50.311776800045166,1.1015384615384616,1.1015384615384616,29421.0,147105.0,147105.0,0.735525,3.677625,3.677625,0.00824148333402894,0.0412074166701447,0.0412074166701447,10.04667063691366,50.2333531845683,50.2333531845683
4,0.6,718.8,0.44233846153846157,80242.2,2.006055,0.04150893610956334,48.720619933445604,0.46584615384615385,0.46584615384615385,16848.0,84240.0,84240.0,0.42119999999999996,2.106,2.106,0.008344371528166191,0.04172185764083095,0.04172185764083095,9.794106809535526,48.97053404767763,48.97053404767763
4,0.8,1685.4,1.0371692307692308,179793.59999999998,4.49484,0.041316424466550386,52.62768649393304,1.0203076923076924,1.0203076923076924,35495.6,177478.0,177478.0,0.8873900000000001,4.43695,4.43695,0.008306736559838875,0.04153368279919437,0.04153368279919437,10.58088479589561,52.90442397947805,52.90442397947805
4,1.0,2011.2,1.2376615384615384,111942.0,2.79855,0.04139616467420043,45.784908691803885,1.2406153846153847,1.2406153846153847,22373.6,111868.0,111868.0,0.55934,2.7967,2.7967,0.00823337968097336,0.0411668984048668,0.0411668984048668,9.106267208209662,45.53133604104831,45.53133604104831
4,1.2,1003.6000000000001,0.6176,108993.2,2.72483,0.041413628950859135,49.145732486647745,0.6086153846153847,0.6086153846153847,21469.6,107348.0,107348.0,0.53674,2.6837,2.6837,0.008220968672331302,0.04110484336165651,0.04110484336165651,9.755859058642681,48.77929529321341,48.77929529321341
4,1.4,984.4000000000001,0.6057846153846154,158829.6,3.97074,0.041133627702649424,42.61276996882428,0.6166153846153846,0.6166153846153846,32420.4,162102.0,162102.0,0.8105100000000001,4.05255,4.05255,0.00823913415980756,0.0411956707990378,0.0411956707990378,8.535408820057658,42.677044100288285,42.677044100288285
5,0.0,3141.0,1.9329230769230767,155516.0,3.8879,0.04143863994405604,46.62775104647611,1.8504615384615384,1.8504615384615384,29763.0,148815.0,148815.0,0.744075,3.720375,3.720375,0.008344045599054283,0.04172022799527141,0.04172022799527141,9.388920134405971,46.94460067202986,46.94460067202986
5,0.2,984.4000000000001,0.6057846153846154,132847.80000000002,3.321195,0.0414326619949871,55.695285175840475,0.6276923076923077,0.6276923076923077,27530.2,137651.0,137651.0,0.6882550000000001,3.441275,3.441275,0.008220547259913266,0.04110273629956633,0.04110273629956633,11.050357420861287,55.25178710430644,55.25178710430644
5,0.4,1795.0,1.1046153846153846,147561.40000000002,3.6890350000000005,0.041370006769314224,50.43155648232111,1.0886153846153845,1.0886153846153845,29054.6,145273.0,145273.0,0.726365,3.631825,3.631825,0.008286431731609891,0.04143215865804945,0.04143215865804945,10.101464383118095,50.507321915590474,50.507321915590474
5,0.6,712.3999999999999,0.4384,79302.59999999999,1.9825650000000001,0.041594569549869724,48.821131165237915,0.4590769230769231,0.4590769230769231,16609.8,83049.0,83049.0,0.415245,2.076225,2.076225,0.008356760568416086,0.041783802842080435,0.041783802842080435,9.808648298138419,49.04324149069209,49.04324149069209
5,0.8,1670.4,1.0279384615384617,177833.4,4.445835000000001,0.041390634583246044,52.72221323012966,1.0086153846153847,1.0086153846153847,34986.6,174933.0,174933.0,0.874665,4.373325,4.373325,0.008323247178315327,0.04161623589157663,0.04161623589157663,10.601915552167927,53.00957776083964,53.00957776083964
5,1.0,1995.8,1.2281846153846154,110922.6,2.773065,0.04140691473588962,45.796798454943634,1.2350769230769232,1.2350769230769232,22258.0,111290.0,111290.0,0.55645,2.78225,2.78225,0.008233961950062017,0.04116980975031008,0.04116980975031008,9.106911208378957,45.53455604189478,45.53455604189478
5,1.2,994.8,0.6121846153846153,107350.2,2.683755,0.04147478210481577,49.21830319878296,0.6043076923076923,0.6043076923076923,21219.0,106095.0,106095.0,0.530475,2.652375,2.652375,0.008199076031965888,0.04099538015982944,0.04099538015982944,9.729878967689972,48.64939483844986,48.64939483844986
5,1.4,977.6000000000001,0.6016,156852.80000000002,3.9213199999999997,0.04128698393880076,42.771640809530126,0.6098461538461538,0.6098461538461538,31785.4,158927.0,158927.0,0.794635,3.973175,3.973175,0.008285184382074427,0.041425921910372136,0.041425921910372136,8.58311498258377,42.91557491291885,42.91557491291885
6,0.0,3109.6000000000004,1.9136000000000002,153955.0,3.8488750000000005,0.04150038821172827,46.69723167751176,1.825846153846154,1.825846153846154,29331.8,146659.0,146659.0,0.733295,3.666475,3.666475,0.008360412697137925,0.04180206348568963,0.04180206348568963,9.407336785527429,47.03668392763714,47.03668392763714
6,0.2,979.6,0.6028307692307693,131640.8,3.2910199999999996,0.0414729027865392,55.74937830559081,0.6264615384615385,0.6264615384615385,27247.0,136235.0,136235.0,0.681175,3.405875,3.405875,0.008233947532179911,0.041169737660899555,0.041169737660899555,11.068370552274736,55.34185276137368,55.34185276137368
6,0.4,1780.2,1.0955076923076923,146403.2,3.6600800000000007,0.04138440139655944,50.44910406119888,1.0707692307692307,1.0707692307692307,28673.4,143367.0,143367.0,0.716835,3.584175,3.584175,0.008304024981020444,0.04152012490510222,0.04152012490510222,10.122911199801093,50.61455599900547,50.61455599900547
6,0.6,705.0,0.4338461538461538,78436.0,1.9609,0.04158455432712091,48.809375916685994,0.45353846153846156,0.45353846153846156,16427.8,82139.0,82139.0,0.41069500000000003,2.053475,2.053475,0.008329587279944338,0.04164793639972169,0.04164793639972169,9.776753974070957,48.88376987035478,48.88376987035478
6,0.8,1654.2,1.0179692307692307,175569.0,4.389225,0.04144870755044903,52.79618492422448,1.0043076923076923,1.0043076923076923,34723.4,173617.0,173617.0,0.868085,4.340425,4.340425,0.008322483228669826,0.04161241614334913,0.04161241614334913,10.600942454835337,53.00471227417669,53.00471227417669
6,1.0,1981.0,1.2190769230769232,109860.8,2.7465200000000003,0.04143830956185096,45.831521701682746,1.2270769230769232,1.2270769230769232,22077.4,110387.0,110387.0,0.5519350000000001,2.759675,2.759675,0.008216715513496424,0.04108357756748212,0.04108357756748212,9.087836336838821,45.439181684194104,45.439181684194104
6,1.2,986.0,0.6067692307692308,105934.6,2.648365,0.04153828158659402,49.29365830828611,0.6006153846153847,0.6006153846153847,21055.6,105278.0,105278.0,0.5263899999999999,2.63195,2.63195,0.0082448839169439,0.04122441958471951,0.04122441958471951,9.784239382798242,48.92119691399121,48.92119691399121
6,1.4,971.6,0.5979076923076923,155545.6,3.8886399999999997,0.04136965068341061,42.85728020408088,0.6055384615384616,0.6055384615384616,31540.8,157704.0,157704.0,0.78852,3.9426,3.9426,0.00831366506990508,0.0415683253495254,0.0415683253495254,8.61261982003343,43.06309910016715,43.06309910016715
7,0.0,3087.0,1.8996923076923078,152855.0,3.8213749999999997,0.04145135181428701,46.64205474759335,1.8049230769230769,1.8049230769230769,29010.4,145052.0,145052.0,0.72526,3.6263,3.6263,0.008319850603616685,0.041599253018083426,0.041599253018083426,9.36169534552878,46.8084767276439,46.8084767276439
7,0.2,973.1999999999999,0.5988923076923077,130362.8,3.2590700000000004,0.04156802156040072,55.87724040714813,0.6215384615384615,0.6215384615384615,26963.4,134817.0,134817.0,0.674085,3.370425,3.370425,0.008267665541409558,0.04133832770704779,0.04133832770704779,11.113695521735641,55.56847760867821,55.56847760867821
7,0.4,1764.4,1.0857846153846153,145066.2,3.6266549999999995,0.041416042663779684,50.48767592713761,1.0658461538461539,1.0658461538461539,28510.8,142554.0,142554.0,0.71277,3.56385,3.56385,0.008305855205323353,0.04152927602661676,0.04152927602661676,10.125142310393416,50.62571155196708,50.62571155196708
7,0.6,697.5999999999999,0.42929230769230775,77542.0,1.9385499999999998,0.041621937581003965,48.853254066188654,0.44984615384615384,0.44984615384615384,16219.0,81095.0,81095.0,0.40547500000000003,2.027375,2.027375,0.008323952604998013,0.04161976302499006,0.04161976302499006,9.770140341387531,48.850701706937656,48.850701706937656
7,0.8,1644.6,1.0120615384615386,174308.2,4.357705,0.04152722503073983,52.89619825767214,0.9993846153846154,0.9993846153846154,34539.6,172698.0,172698.0,0.86349,4.31745,4.31745,0.008363264628972859,0.0418163231448643,0.0418163231448643,10.652888642765253,53.26444321382627,53.26444321382627
7,1.0,1961.8,1.2072615384615384,108569.4,2.7142350000000004,0.0414920509918408,45.89096069764812,1.2141538461538461,1.2141538461538461,21809.0,109045.0,109045.0,0.5452250000000001,2.726125,2.726125,0.008233240458492408,0.04116620229246204,0.04116620229246204,9.10611322562146,45.530566128107296,45.530566128107296
7,1.2,980.0,0.6030769230769231,104863.59999999999,2.62159,0.041603354181392854,49.37088023781057,0.5969230769230769,0.5969230769230769,20846.6,104233.0,104233.0,0.521165,2.605825,2.605825,0.00825401676020054,0.0412700838010027,0.0412700838010027,9.795077367367666,48.97538683683833,48.97538683683833
7,1.4,965.8,0.5943384615384616,154127.2,3.85318,0.04147578199999087,42.96722794349779,0.5987692307692307,0.5987692307692307,31071.0,155355.0,155355.0,0.776775,3.883875,3.883875,0.008331565134590628,0.04165782567295314,0.04165782567295314,8.631163561042278,43.15581780521139,43.15581780521139
8,0.0,3067.0,1.8873846153846154,151747.8,3.793695,0.04150869270096531,46.706576087879355,1.7907692307692307,1.7907692307692307,28752.4,143762.0,143762.0,0.7188100000000001,3.59405,3.59405,0.008349050880038834,0.04174525440019417,0.04174525440019417,9.394552196558118,46.97276098279059,46.97276098279059
8,0.2,967.2,0.5952,129235.40000000001,3.2308850000000002,0.04157764367349061,55.89017480013018,0.6178461538461538,0.6178461538461538,26760.0,133800.0,133800.0,0.669,3.345,3.345,0.008270942166887129,0.04135471083443565,0.04135471083443565,11.118100080400248,55.59050040200124,55.59050040200124
8,0.4,1751.8,1.0780307692307693,143992.4,3.5998099999999997,0.0414584738874932,50.539401146020325,1.064,1.064,28466.6,142333.0,142333.0,0.711665,3.558325,3.558325,0.00830722313217503,0.04153611566087515,0.04153611566087515,10.126809863426914,50.63404931713457,50.63404931713457
8,0.6,688.4,0.42363076923076926,76676.8,1.91692,0.04167859074997089,48.919750049269936,0.4412307692307692,0.4412307692307692,15964.6,79823.0,79823.0,0.399115,1.995575,1.995575,0.00832947254908534,0.04164736274542671,0.04164736274542671,9.776619310090144,48.883096550450716,48.883096550450716
8,0.8,1632.2000000000003,1.0044307692307695,172672.80000000002,4.31682,0.04162817702161088,53.02478803268525,0.9932307692307693,0.9932307692307693,34295.0,171475.0,171475.0,0.857375,4.286875,4.286875,0.008353395486419609,0.04176697743209805,0.04176697743209805,10.64031760964798,53.2015880482399,53.2015880482399
8,1.0,1947.1999999999998,1.198276923076923,107472.4,2.6868100000000004,0.04152885926210956,45.93167131194349,1.208,1.208,21671.8,108359.0,108359.0,0.541795,2.708975,2.708975,0.0082448857171113,0.0412244285855565,0.0412244285855565,9.118993092796469,45.59496546398234,45.59496546398234
8,1.2,975.4,0.6002461538461539,104031.2,2.6007800000000003,0.04166583886417611,49.44503108095988,0.592,0.592,20630.4,103152.0,103152.0,0.51576,2.5788,2.5788,0.008260108848661175,0.04130054424330587,0.04130054424330587,9.80230687507699,49.01153437538495,49.01153437538495
8,1.4,960.6,0.5911384615384615,152790.2,3.8197550000000002,0.041490940650131695,42.98293169022683,0.5956923076923077,0.5956923076923077,30837.2,154186.0,154186.0,0.77093,3.85465,3.85465,0.008347663172194741,0.04173831586097371,0.04173831586097371,8.647840475082841,43.2392023754142,43.2392023754142
9,0.0,3045.6,1.8742153846153846,150789.0,3.769725,0.041576390932441934,46.78275176082231,1.7815384615384615,1.7815384615384615,28636.4,143182.0,143182.0,0.7159099999999999,3.57955,3.57955,0.008376673157000188,0.04188336578500094,0.04188336578500094,9.42563344476582,47.1281672238291,47.1281672238291
9,0.2,961.2,0.5915076923076923,127929.20000000001,3.19823,0.04167589338039217,56.022245615299795,0.6166153846153846,0.6166153846153846,26589.2,132946.0,132946.0,0.66473,3.32365,3.32365,0.008286348247512306,0.041431741237561534,0.041431741237561534,11.138809492070807,55.694047460354035,55.694047460354035
9,0.4,1738.4,1.0697846153846153,142885.80000000002,3.572145,0.0415093822451586,50.601460302291215,1.0523076923076924,1.0523076923076924,28181.6,140908.0,140908.0,0.7045399999999999,3.5227,3.5227,0.008307617327856513,0.041538086639282566,0.041538086639282566,10.12729040242916,50.6364520121458,50.6364520121458
9,0.6,683.0,0.42030769230769227,75975.4,1.899385,0.041710201561891314,48.95685286369276,0.4412307692307692,0.4412307692307692,15906.4,79532.0,79532.0,0.39766,1.9883,1.9883,0.008323518789934516,0.04161759394967258,0.04161759394967258,9.769631156117779,48.8481557805889,48.8481557805889
9,0.8,1625.6,1.0003692307692307,171655.0,4.291375,0.041662066447231264,53.06795541926424,0.9901538461538462,0.9901538461538462,34105.4,170527.0,170527.0,0.852635,4.263175,4.263175,0.00835964807514807,0.041798240375740356,0.041798240375740356,10.648281979353868,53.24140989676934,53.24140989676934
9,1.0,1937.8000000000002,1.1924923076923077,106834.2,2.6708549999999995,0.04155443766933447,45.95996149410144,1.2006153846153846,1.2006153846153846,21515.6,107578.0,107578.0,0.53789,2.68945,2.68945,0.008237984485493257,0.04118992242746628,0.04118992242746628,9.1113602054993,45.556801027496505,45.556801027496505
9,1.2,970.8000000000001,0.5974153846153846,103202.4,2.5800599999999996,0.041754192750886834,49.54988102022972,0.5889230769230769,0.5889230769230769,20476.6,102383.0,102383.0,0.511915,2.559575,2.559575,0.008243464327649993,0.04121732163824997,0.04121732163824997,9.78255475004698,48.9127737502349,48.9127737502349
9,1.4,955.0,0.5876923076923076,151481.8,3.787045,0.04154391029646559,43.03780609544276,0.592,0.592,30479.8,152399.0,152399.0,0.761995,3.809975,3.809975,0.008354659629747293,0.04177329814873647,0.04177329814873647,8.65508852133927,43.27544260669635,43.27544260669635
10,0.0,3024.2,1.861046153846154,149602.6,3.740065,0.04157790656778307,46.78445719004148,1.7772307692307692,1.7772307692307692,28559.4,142797.0,142797.0,0.713985,3.569925,3.569925,0.008344927663874045,0.04172463831937022,0.04172463831937022,9.389912654886329,46.94956327443165,46.94956327443165
10,0.2,956.3999999999999,0.5885538461538461,127110.0,3.17775,0.04169787327058779,56.051791779935,0.6110769230769231,0.6110769230769231,26271.8,131359.0,131359.0,0.656795,3.283975,3.283975,0.008305142422378783,0.04152571211189391,0.04152571211189391,11.164073302756192,55.82036651378096,55.82036651378096
10,0.4,1725.6,1.0619076923076922,141841.2,3.54603,0.041539139555955326,50.63773555621067,1.0461538461538462,1.0461538461538462,28023.0,140115.0,140115.0,0.700575,3.502875,3.502875,0.008313668079437267,0.041568340397186335,0.041568340397186335,10.134666490661555,50.67333245330778,50.67333245330778
10,0.6,680.2,0.41858461538461533,75611.0,1.8902749999999997,0.04173600738430394,48.987142140741845,0.44246153846153846,0.44246153846153846,15906.0,79530.0,79530.0,0.39765,1.98825,1.98825,0.008313130366233159,0.04156565183116579,0.04156565183116579,9.757437867387722,48.78718933693861,48.78718933693861
10,0.8,1617.0,0.995076923076923,170478.6,4.261965,0.04166663223440842,53.07377118912477,0.9827692307692307,0.9827692307692307,33838.2,169191.0,169191.0,0.845955,4.229775,4.229775,0.008365863950149138,0.04182931975074569,0.04182931975074569,10.656199584157896,53.28099792078948,53.28099792078948
10,1.0,1923.2,1.1835076923076924,105782.0,2.6445499999999997,0.04164661202666239,46.06190800453782,1.192,1.192,21338.6,106693.0,106693.0,0.533465,2.667325,2.667325,0.008234644674869031,0.04117322337434516,0.04117322337434516,9.107666314394136,45.53833157197068,45.53833157197068
10,1.2,966.2,0.5945846153846154,102483.2,2.56208,0.04175929542618354,49.55593638706067,0.5852307692307692,0.5852307692307692,20309.6,101548.0,101548.0,0.50774,2.5387,2.5387,0.008247425369145158,0.041237126845725794,0.041237126845725794,9.787255335110919,48.936276675554595,48.936276675554595
10,1.4,951.4000000000001,0.585476923076923,150486.0,3.76215,0.041616273884037394,43.11277183718591,0.5889230769230769,0.5889230769230769,30315.0,151575.0,151575.0,0.7578750000000001,3.789375,3.789375,0.008369142618214353,0.04184571309107176,0.04184571309107176,8.670092309978319,43.3504615498916,43.3504615498916
11,0.0,3005.4,1.849476923076923,148623.80000000002,3.715595,0.041552232613396384,46.75556824110066,1.7692307692307692,1.7692307692307692,28402.0,142010.0,142010.0,0.7100500000000001,3.55025,3.55025,0.008355375146794885,0.04177687573397443,0.04177687573397443,9.40166841311954,47.008342065597695,47.008342065597695
11,0.2,955.1999999999999,0.5878153846153846,126587.80000000002,3.164695,0.04168621630746361,56.03612206782323,0.6092307692307692,0.6092307692307692,26044.2,130221.0,130221.0,0.651105,3.255525,3.255525,0.008309338706970931,0.041546693534854656,0.041546693534854656,11.169714100517801,55.848570502589006,55.848570502589006
11,0.4,1714.8,1.0552615384615385,140852.8,3.5213200000000002,0.041617668487826255,50.73346520608066,1.0449230769230768,1.0449230769230768,27967.8,139839.0,139839.0,0.699195,3.495975,3.495975,0.00832745673063957,0.041637283653197854,0.041637283653197854,10.151475362504424,50.757376812522125,50.757376812522125
11,0.6,674.0000000000001,0.4147692307692308,74964.4,1.87411,0.041709747470482506,48.95631987930393,0.4412307692307692,0.4412307692307692,15849.0,79245.0,79245.0,0.396225,1.981125,1.981125,0.008317627120878057,0.041588135604390286,0.041588135604390286,9.762715879655003,48.81357939827502,48.81357939827502
11,0.8,1608.6000000000001,0.9899076923076924,169292.2,4.232305,0.0416593080446048,53.06444184444443,0.976,0.976,33472.8,167364.0,167364.0,0.83682,4.1841,4.1841,0.008325420254216715,0.04162710127108358,0.04162710127108358,10.604683554451338,53.02341777225669,53.02341777225669
11,1.0,1909.0,1.1747692307692308,104777.2,2.6194300000000004,0.041713046867328796,46.135386142858245,1.1876923076923076,1.1876923076923076,21229.6,106148.0,106148.0,0.53074,2.6537,2.6537,0.008266586426423063,0.041332932132115315,0.041332932132115315,9.142994470755179,45.71497235377589,45.71497235377589
11,1.2,965.0,0.5938461538461539,102089.20000000001,2.5522299999999998,0.04175094928293712,49.546031982793885,0.5858461538461538,0.5858461538461538,20236.4,101182.0,101182.0,0.50591,2.52955,2.52955,0.008253129887169617,0.04126564943584808,0.04126564943584808,9.794024911308357,48.97012455654178,48.97012455654178
11,1.4,948.0,0.5833846153846153,149721.4,3.743035,0.04161344196129339,43.109838080082554,0.5876923076923077,0.5876923076923077,30159.4,150797.0,150797.0,0.753985,3.769925,3.769925,0.008358969508034931,0.04179484754017466,0.04179484754017466,8.659553380441713,43.297766902208565,43.297766902208565
12,0.0,2985.6000000000004,1.8372923076923076,147679.6,3.6919899999999997,0.04155641516192203,46.76027454496722,1.7587692307692309,1.7587692307692309,28244.6,141223.0,141223.0,0.7061149999999999,3.530575,3.530575,0.008357070366914755,0.041785351834573776,0.041785351834573776,9.403575915436821,47.017879577184104,47.017879577184104
12,0.2,952.6,0.5862153846153846,126208.6,3.155215,0.041734263724301536,56.10070914608228,0.6086153846153847,0.6086153846153847,26029.8,130149.0,130149.0,0.650745,3.253725,3.253725,0.008300643383862384,0.04150321691931192,0.04150321691931192,11.158025532202176,55.79012766101088,55.79012766101088
12,0.4,1708.0,1.051076923076923,140268.0,3.5067000000000004,0.04162294890318134,50.73990222618355,1.0393846153846154,1.0393846153846154,27836.4,139182.0,139182.0,0.69591,3.47955,3.47955,0.00832129031474203,0.041606451573710145,0.041606451573710145,10.14395827522512,50.719791376125606,50.719791376125606
12,0.6,670.4,0.41255384615384616,74683.4,1.8670849999999999,0.04176275205001036,49.01853337393776,0.43876923076923074,0.43876923076923074,15781.8,78909.0,78909.0,0.39454500000000003,1.972725,1.972725,0.008336670070723784,0.04168335035361892,0.04168335035361892,9.785067315485504,48.92533657742752,48.92533657742752
12,0.8,1602.7999999999997,0.9863384615384615,168592.59999999998,4.214815,0.04166392308003688,53.070320345331524,0.9667692307692307,0.9667692307692307,33200.8,166004.0,166004.0,0.83002,4.1501,4.1501,0.008314433780159274,0.04157216890079637,0.04157216890079637,10.590689296239647,52.953446481198235,52.953446481198235
12,1.0,1901.4,1.1700923076923078,104189.4,2.604735,0.04173047664344231,46.15466379126255,1.1815384615384616,1.1815384615384616,21039.2,105196.0,105196.0,0.52598,2.6299,2.6299,0.00826956616563091,0.041347830828154554,0.041347830828154554,9.146290116345305,45.73145058172653,45.73145058172653
12,1.2,961.3999999999999,0.5916307692307692,101435.20000000001,2.5358799999999997,0.041830926592959734,49.64094140230013,0.5833846153846154,0.5833846153846154,20090.8,100454.0,100454.0,0.50227,2.51135,2.51135,0.00827825008155551,0.04139125040777755,0.04139125040777755,9.82383515456829,49.119175772841444,49.119175772841444
12,1.4,944.2,0.5810461538461538,148780.2,3.719505,0.04159891043254462,43.09478400568039,0.587076923076923,0.587076923076923,30092.4,150462.0,150462.0,0.75231,3.76155,3.76155,0.00835656579744952,0.0417828289872476,0.0417828289872476,8.657063233766875,43.28531616883438,43.28531616883438
13,0.0,2971.2,1.828430769230769,146961.4,3.6740349999999995,0.04160803855038819,46.81836241920308,1.7458461538461538,1.7458461538461538,28031.6,140158.0,140158.0,0.70079,3.50395,3.50395,0.008382236630866822,0.04191118315433411,0.04191118315433411,9.431893598930078,47.15946799465039,47.15946799465039
13,0.2,951.4,0.5854769230769231,125852.40000000001,3.1463099999999997,0.04178181496925526,56.16462925212046,0.6067692307692307,0.6067692307692307,25941.6,129708.0,129708.0,0.64854,3.2427,3.2427,0.008319942735489267,0.04159971367744633,0.04159971367744633,11.18396841978922,55.919842098946106,55.919842098946106
13,0.4,1700.1999999999998,1.046276923076923,139534.8,3.4883699999999997,0.04163909490644956,50.759584796706804,1.0381538461538462,1.0381538461538462,27752.4,138762.0,138762.0,0.69381,3.46905,3.46905,0.008313950181828667,0.04156975090914333,0.04156975090914333,10.135010383829497,50.675051919147485,50.675051919147485
13,0.6,667.8000000000001,0.41095384615384617,74467.6,1.86169,0.041811907490464095,49.07622898737594,0.43815384615384617,0.43815384615384617,15745.6,78728.0,78728.0,0.39364,1.9682,1.9682,0.008367416615835479,0.0418370830791774,0.0418370830791774,9.821155707023642,49.10577853511821,49.10577853511821
13,0.8,1598.4,0.9836307692307693,167935.8,4.1983950000000005,0.04162637421784934,53.02249167252346,0.9618461538461538,0.9618461538461538,32973.2,164866.0,164866.0,0.82433,4.12165,4.12165,0.008299464559365078,0.04149732279682539,0.04149732279682539,10.571621928499411,52.858109642497055,52.858109642497055
13,1.0,1894.4,1.1657846153846154,103773.8,2.594345,0.041813547938104885,46.24654214934161,1.1803076923076923,1.1803076923076923,21025.8,105129.0,105129.0,0.525645,2.628225,2.628225,0.00828599694595235,0.04142998472976175,0.04142998472976175,9.164462857290577,45.82231428645289,45.82231428645289
13,1.2,957.8000000000001,0.5894153846153847,100874.40000000001,2.52186,0.04182559463961262,49.634613950215694,0.5815384615384616,0.5815384615384616,19991.2,99956.0,99956.0,0.49978,2.4989,2.4989,0.008267032447809776,0.04133516223904888,0.04133516223904888,9.810523140113935,49.052615700569675,49.052615700569675
13,1.4,943.2,0.5804307692307693,148400.0,3.71,0.041605031704075944,43.10112539471534,0.5864615384615385,0.5864615384615385,29911.4,149557.0,149557.0,0.747785,3.738925,3.738925,0.008343337013386656,0.04171668506693328,0.04171668506693328,8.64335875002153,43.21679375010765,43.21679375010765
14,0.0,2961.0,1.822153846153846,146416.4,3.6604099999999997,0.041638393537713564,46.85251857862187,1.7353846153846153,1.7353846153846153,27846.2,139231.0,139231.0,0.696155,3.480775,3.480775,0.00837793053197108,0.041889652659855406,0.041889652659855406,9.427048273225298,47.135241366126486,47.135241366126486
14,0.2,949.0,0.584,125316.6,3.132915,0.04176757969669864,56.14549368306888,0.6049230769230769,0.6049230769230769,25820.0,129100.0,129100.0,0.6455,3.2275,3.2275,0.008340242763393929,0.041701213816969646,0.041701213816969646,11.211256452678937,56.056282263394685,56.056282263394685
14,0.4,1693.8000000000002,1.0423384615384614,138981.8,3.4745449999999996,0.04159916715561474,50.71091140313773,1.0356923076923077,1.0356923076923077,27648.6,138243.0,138243.0,0.6912149999999999,3.456075,3.456075,0.008286341957458625,0.041431709787293124,0.041431709787293124,10.101354945133098,50.50677472566549,50.50677472566549
14,0.6,666.8,0.4103384615384615,74265.6,1.8566399999999996,0.041861063286502076,49.13392501817691,0.43815384615384617,0.43815384615384617,15738.0,78690.0,78690.0,0.39344999999999997,1.96725,1.96725,0.008373304345812342,0.04186652172906171,0.04186652172906171,9.828066360038605,49.140331800193024,49.140331800193024
14,0.8,1591.3999999999999,0.979323076923077,166996.8,4.17492,0.041672743236525686,53.08155520983187,0.9575384615384616,0.9575384615384616,32794.4,163972.0,163972.0,0.81986,4.0993,4.0993,0.008338805017897594,0.041694025089487975,0.041694025089487975,10.62173268578077,53.10866342890385,53.10866342890385
14,1.0,1887.0,1.161230769230769,103278.40000000001,2.58196,0.04177127108978762,46.199783188572724,1.1753846153846155,1.1753846153846155,20923.6,104618.0,104618.0,0.52309,2.61545,2.61545,0.008289631777135955,0.04144815888567978,0.04144815888567978,9.168483046483498,45.84241523241749,45.84241523241749
14,1.2,955.0,0.5876923076923077,100433.6,2.51084,0.04189031479201377,49.711417634823405,0.5796923076923077,0.5796923076923077,19916.2,99581.0,99581.0,0.497905,2.489525,2.489525,0.008279896166227065,0.04139948083113533,0.04139948083113533,9.825788570363233,49.12894285181616,49.12894285181616
14,1.4,941.4000000000001,0.5793230769230769,148016.2,3.700405,0.04157930236145557,43.07447083931223,0.5833846153846154,0.5833846153846154,29738.6,148693.0,148693.0,0.743465,3.717325,3.717325,0.008316515663723328,0.04158257831861664,0.04158257831861664,8.615572919612433,43.07786459806216,43.07786459806216
15,0.0,2947.6,1.8139076923076922,145727.0,3.6431750000000003,0.04168057129339943,46.89997800041936,1.7304615384615385,1.7304615384615385,27749.4,138747.0,138747.0,0.693735,3.468675,3.468675,0.008381247962329596,0.041906239811647976,0.041906239811647976,9.430781125391286,47.15390562695643,47.15390562695643
15,0.2,947.8,0.5832615384615385,125009.0,3.1252249999999995,0.04178749518551349,56.17226480458392,0.6036923076923076,0.6036923076923076,25760.6,128803.0,128803.0,0.644015,3.220075,3.220075,0.008320524577915978,0.041602622889579895,0.041602622889579895,11.184750553456787,55.923752767283936,55.923752767283936
15,0.4,1686.8,1.038030769230769,138492.4,3.4623099999999996,0.04161316183008695,50.72797142490742,1.0313846153846153,1.0313846153846153,27513.0,137565.0,137565.0,0.687825,3.439125,3.439125,0.008277257459973214,0.04138628729986607,0.04138628729986607,10.09028060930802,50.45140304654011,50.45140304654011
15,0.6,665.0,0.40923076923076923,74016.0,1.8504,0.04185049383895857,49.121519254865746,0.43815384615384617,0.43815384615384617,15725.6,78628.0,78628.0,0.39314,1.9657,1.9657,0.008376801343499564,0.04188400671749782,0.04188400671749782,9.83217091947076,49.160854597353804,49.160854597353804
15,0.8,1588.0,0.9772307692307692,166498.2,4.162455,0.04170748649059379,53.12581017880566,0.9575384615384616,0.9575384615384616,32773.6,163868.0,163868.0,0.8193400000000001,4.0967,4.0967,0.008353425835375695,0.04176712917687848,0.04176712917687848,10.640356267285153,53.20178133642576,53.20178133642576
15,1.0,1880.8,1.1574153846153845,102908.0,2.5727,0.04178622347129589,46.216320793625485,1.1704615384615384,1.1704615384615384,20862.0,104310.0,104310.0,0.52155,2.60775,2.60775,0.008244571913269657,0.04122285956634828,0.04122285956634828,9.11864602005797,45.59323010028985,45.59323010028985
15,1.2,953.0,0.5864615384615385,100085.79999999999,2.5021449999999996,0.041851624501194146,49.66550369946874,0.579076923076923,0.579076923076923,19838.2,99191.0,99191.0,0.49595500000000003,2.479775,2.479775,0.00828096470205083,0.04140482351025415,0.04140482351025415,9.82705660644405,49.135283032220244,49.135283032220244
15,1.4,939.8000000000001,0.5783384615384616,147527.8,3.6881950000000003,0.04163098898913627,43.12801608924115,0.5827692307692308,0.5827692307692308,29676.8,148384.0,148384.0,0.74192,3.7096,3.7096,0.008319975554744573,0.041599877773722864,0.041599877773722864,8.619157226381368,43.09578613190684,43.09578613190684
16,0.0,2937.6000000000004,1.8077538461538463,145247.2,3.63118,0.04171518541428894,46.93892663902593,1.7267692307692308,1.7267692307692308,27696.6,138483.0,138483.0,0.692415,3.462075,3.462075,0.008371569076465763,0.04185784538232882,0.04185784538232882,9.419890210991701,47.09945105495851,47.09945105495851
16,0.2,945.4000000000001,0.5817846153846153,124560.6,3.1140149999999993,0.04175527067217612,56.12894744640415,0.6018461538461538,0.6018461538461538,25693.8,128469.0,128469.0,0.6423449999999999,3.211725,3.211725,0.008318358858488455,0.04159179429244228,0.04159179429244228,11.18183931494787,55.909196574739354,55.909196574739354
16,0.4,1678.6,1.0329846153846154,137834.6,3.4458649999999995,0.04166428636343181,50.79029410726497,1.0246153846153847,1.0246153846153847,27324.8,136624.0,136624.0,0.68312,3.4156,3.4156,0.008283275136841278,0.041416375684206384,0.041416375684206384,10.097616378251843,50.48808189125921,50.48808189125921
16,0.6,662.8,0.40787692307692314,73798.6,1.8449649999999997,0.041936903503292496,49.22294157037577,0.4350769230769231,0.4350769230769231,15606.4,78032.0,78032.0,0.39016,1.9508,1.9508,0.008376924522778464,0.041884622613892315,0.041884622613892315,9.832315499683926,49.161577498419625,49.161577498419625
16,0.8,1583.8000000000002,0.9746461538461538,166071.4,4.151785,0.04174427478000711,53.17267005564374,0.9513846153846154,0.9513846153846154,32616.8,163084.0,163084.0,0.8154199999999999,4.0771,4.0771,0.00835243197357129,0.041762159867856447,0.041762159867856447,10.639090314382987,53.19545157191493,53.19545157191493
16,1.0,1876.0,1.1544615384615384,102538.40000000001,2.56346,0.041802658351427976,46.23449806903568,1.1692307692307693,1.1692307692307693,20821.6,104108.0,104108.0,0.52054,2.6027,2.6027,0.008259835712544943,0.04129917856272472,0.04129917856272472,9.135528058807434,45.677640294037175,45.677640294037175
16,1.2,951.2,0.5853538461538462,99580.00000000001,2.4895,0.0418858826068022,49.70615794147468,0.5796923076923077,0.5796923076923077,19760.4,98802.0,98802.0,0.49401,2.47005,2.47005,0.008300125612812693,0.04150062806406347,0.04150062806406347,9.849794942068304,49.24897471034152,49.24897471034152
16,1.4,938.8,0.5777230769230769,147057.80000000002,3.676445,0.04165356637498527,43.15140534526874,0.5833846153846154,0.5833846153846154,29673.6,148368.0,148368.0,0.74184,3.7092,3.7092,0.00831951393096269,0.04159756965481345,0.04159756965481345,8.61867900286625,43.09339501433125,43.09339501433125
17,0.0,2928.4,1.8020923076923077,144805.8,3.6201449999999995,0.04176234305846202,46.99198955072885,1.7126153846153847,1.7126153846153847,27477.4,137387.0,137387.0,0.686935,3.434675,3.434675,0.008411189884320913,0.042055949421604566,0.042055949421604566,9.46447249379404,47.3223624689702,47.3223624689702
17,0.2,944.8,0.5814153846153846,124298.2,3.107455,0.04176419310731665,56.14094130694044,0.6018461538461538,0.6018461538461538,25690.4,128452.0,128452.0,0.64226,3.2113,3.2113,0.008313638675394175,0.041568193376970874,0.041568193376970874,11.17549427384117,55.87747136920586,55.87747136920586
17,0.4,1674.6,1.030523076923077,137505.2,3.4376299999999995,0.04162584281230371,50.743430007606754,1.019076923076923,1.019076923076923,27181.4,135907.0,135907.0,0.679535,3.397675,3.397675,0.00827252435316549,0.041362621765827445,0.041362621765827445,10.08451077840996,50.422553892049805,50.422553892049805
17,0.6,659.6,0.4059076923076923,73475.2,1.83688,0.0419017383169087,49.18166685121237,0.4338461538461538,0.4338461538461538,15536.4,77682.0,77682.0,0.38841000000000003,1.94205,1.94205,0.008366965352862413,0.04183482676431207,0.04183482676431207,9.82062604247761,49.103130212388045,49.103130212388045
17,0.8,1579.8,0.9721846153846155,165488.2,4.137205,0.041705931670553475,53.123829693255594,0.9513846153846154,0.9513846153846154,32612.2,163061.0,163061.0,0.8153050000000001,4.076525,4.076525,0.008351496152962318,0.04175748076481159,0.04175748076481159,10.63789829270494,53.189491463524696,53.189491463524696
17,1.0,1872.6,1.1523692307692308,102343.40000000001,2.558585,0.04186397139594422,46.302311407949716,1.1655384615384616,1.1655384615384616,20762.6,103813.0,103813.0,0.519065,2.595325,2.595325,0.00827667438389548,0.041383371919477406,0.041383371919477406,9.154151934626446,45.77075967313223,45.77075967313223
17,1.2,949.4,0.5842461538461539,99301.40000000001,2.482535,0.04195799202874967,49.79173050419316,0.5772307692307692,0.5772307692307692,19658.6,98293.0,98293.0,0.491465,2.457325,2.457325,0.008349624410738015,0.04174812205369007,0.04174812205369007,9.908535379525137,49.54267689762569,49.54267689762569
17,1.4,938.3999999999999,0.5774769230769231,146726.0,3.66815,0.041642608636409444,43.140053572537056,0.5827692307692308,0.5827692307692308,29660.6,148303.0,148303.0,0.7415149999999999,3.707575,3.707575,0.008322030237848908,0.04161015118924454,0.04161015118924454,8.621285794741953,43.10642897370976,43.10642897370976
18,0.0,2922.6000000000004,1.7985230769230771,144550.0,3.61375,0.04172853536329734,46.953948321679775,1.7083076923076923,1.7083076923076923,27422.0,137110.0,137110.0,0.68555,3.42775,3.42775,0.008389528234931049,0.04194764117465524,0.04194764117465524,9.440098286620003,47.20049143310002,47.20049143310002
18,0.2,943.4,0.5805538461538462,123964.6,3.0991150000000003,0.04173121866311982,56.09661586453271,0.6018461538461538,0.6018461538461538,25690.4,128452.0,128452.0,0.64226,3.2113,3.2113,0.008313638675394175,0.041568193376970874,0.041568193376970874,11.17549427384117,55.87747136920586,55.87747136920586
18,0.4,1667.8,1.0263384615384614,136969.4,3.4242350000000004,0.041649709596585954,50.7725244935297,1.0135384615384615,1.0135384615384615,27040.4,135202.0,135202.0,0.67601,3.38005,3.38005,0.008266059639581963,0.041330298197909815,0.041330298197909815,10.076630055304266,50.38315027652133,50.38315027652133
18,0.6,658.1999999999999,0.4050461538461539,73338.8,1.83347,0.04191954080546485,49.2025623103618,0.4326153846153846,0.4326153846153846,15492.2,77461.0,77461.0,0.387305,1.936525,1.936525,0.008361232336653587,0.04180616168326793,0.04180616168326793,9.813896982907272,49.06948491453636,49.06948491453636
18,0.8,1575.6,0.9696,164743.4,4.1185849999999995,0.04168135222214975,53.09252109089016,0.947076923076923,0.947076923076923,32383.0,161915.0,161915.0,0.809575,4.047875,4.047875,0.008347864989590902,0.041739324947954515,0.041739324947954515,10.633273020068538,53.16636510034269,53.16636510034269
18,1.0,1869.6,1.150523076923077,102117.79999999999,2.5529450000000002,0.04189424523233566,46.33579481989963,1.1612307692307693,1.1612307692307693,20690.6,103453.0,103453.0,0.517265,2.586325,2.586325,0.008292889950356515,0.041464449751782574,0.041464449751782574,9.172086645140027,45.860433225700135,45.860433225700135
18,1.2,948.2,0.5835076923076923,99037.20000000001,2.47593,0.042002570561228386,49.844632041376634,0.576,0.576,19610.4,98052.0,98052.0,0.49026,2.4513,2.4513,0.008339753689626701,0.04169876844813351,0.04169876844813351,9.896821752116091,49.484108760580455,49.484108760580455
18,1.4,937.8,0.5771076923076923,146507.4,3.6626849999999997,0.04170514314125087,43.20483678322748,0.5821538461538461,0.5821538461538461,29659.0,148295.0,148295.0,0.741475,3.707375,3.707375,0.008323762727917952,0.04161881363958976,0.04161881363958976,8.62308058418574,43.1154029209287,43.1154029209287
19,0.0,2915.0000000000005,1.7938461538461539,144249.6,3.6062399999999997,0.04174441632444689,46.971817959869156,1.7046153846153846,1.7046153846153846,27374.2,136871.0,136871.0,0.6843549999999999,3.421775,3.421775,0.008403781409507828,0.04201890704753914,0.04201890704753914,9.456136300335832,47.280681501679155,47.280681501679155
19,0.2,943.2,0.5804307692307693,123847.40000000001,3.096185,0.04173828574509321,56.10611569213049,0.6024615384615385,0.6024615384615385,25689.8,128449.0,128449.0,0.6422450000000001,3.211225,3.211225,0.008306981068049214,0.041534905340246064,0.041534905340246064,11.166544876872392,55.83272438436196,55.83272438436196
19,0.4,1665.0000000000002,1.0246153846153845,136696.0,3.4173999999999998,0.04162862858575332,50.74682596767643,1.011076923076923,1.011076923076923,26973.4,134867.0,134867.0,0.674335,3.371675,3.371675,0.008272290881538035,0.04136145440769017,0.04136145440769017,10.084226167927959,50.421130839639794,50.421130839639794
19,0.6,656.4000000000001,0.4039384615384615,73161.4,1.8290350000000002,0.04192821809401874,49.21274717456963,0.42953846153846154,0.42953846153846154,15434.0,77170.0,77170.0,0.38584999999999997,1.92925,1.92925,0.00833262627262189,0.041663131363109444,0.041663131363109444,9.780320955571822,48.90160477785911,48.90160477785911
19,0.8,1571.8000000000002,0.9672615384615385,164322.6,4.108065,0.04169363538022075,53.10816702832212,0.9464615384615385,0.9464615384615385,32362.0,161810.0,161810.0,0.80905,4.04525,4.04525,0.008331064755655503,0.04165532377827751,0.04165532377827751,10.61187335986094,53.059366799304705,53.059366799304705
19,1.0,1869.4,1.1504,102067.0,2.5516749999999995,0.04194805986884734,46.395314783605485,1.1606153846153846,1.1606153846153846,20683.4,103417.0,103417.0,0.517085,2.585425,2.585425,0.00828270863623833,0.041413543181191656,0.041413543181191656,9.160825927125874,45.804129635629366,45.804129635629366
19,1.2,947.4000000000001,0.5830153846153846,98890.0,2.4722500000000003,0.04202984965247737,49.877004256875836,0.5741538461538461,0.5741538461538461,19537.0,97685.0,97685.0,0.488425,2.442125,2.442125,0.008370095739877466,0.04185047869938733,0.04185047869938733,9.93282879430237,49.66414397151185,49.66414397151185
19,1.4,936.9999999999999,0.5766153846153846,146271.0,3.6567749999999997,0.041732333537738184,43.23300493117814,0.5815384615384616,0.5815384615384616,29567.4,147837.0,147837.0,0.739185,3.695925,3.695925,0.008335951667604256,0.04167975833802128,0.04167975833802128,8.635707831331825,43.17853915665913,43.17853915665913
20,0.0,2912.2000000000003,1.792123076923077,144154.4,3.60386,0.041737698851130926,46.96425929786042,1.7033846153846153,1.7033846153846153,27341.8,136709.0,136709.0,0.683545,3.417725,3.417725,0.008441297902448153,0.042206489512240764,0.042206489512240764,9.498350757550643,47.49175378775321,47.49175378775321
20,0.2,942.0,0.5796923076923077,123564.2,3.089105,0.04174764445224327,56.11869600530619,0.6030769230769231,0.6030769230769231,25645.4,128227.0,128227.0,0.641135,3.205675,3.205675,0.008297703353005392,0.04148851676502696,0.04148851676502696,11.154073436219885,55.77036718109943,55.77036718109943
20,0.4,1662.6000000000001,1.0231384615384613,136568.6,3.4142149999999996,0.04163460845310851,50.754115645436514,1.008,1.008,26921.4,134607.0,134607.0,0.6730349999999999,3.365175,3.365175,0.008254438212792327,0.041272191063961634,0.041272191063961634,10.062463109555022,50.312315547775114,50.312315547775114
20,0.6,655.4000000000001,0.4033230769230769,73069.0,1.826725,0.04190635610161635,49.18708692107594,0.4270769230769231,0.4270769230769231,15366.2,76831.0,76831.0,0.38415499999999997,1.920775,1.920775,0.00832800035797538,0.0416400017898769,0.0416400017898769,9.774891343289248,48.87445671644624,48.87445671644624
20,0.8,1570.4,0.9664,164140.4,4.10351,0.041701860339013325,53.11864374692374,0.9446153846153846,0.9446153846153846,32281.8,161409.0,161409.0,0.8070449999999999,4.035225,4.035225,0.008334015260260851,0.04167007630130426,0.04167007630130426,10.61563162871828,53.0781581435914,53.0781581435914
20,1.0,1865.8000000000002,1.1481846153846154,101871.8,2.5467949999999995,0.04201445358276003,46.46874743499061,1.1575384615384616,1.1575384615384616,20608.8,103044.0,103044.0,0.51522,2.5761,2.5761,0.00830644133783011,0.04153220668915055,0.04153220668915055,9.187074725388738,45.935373626943694,45.935373626943694
20,1.2,946.4000000000001,0.5824,98757.6,2.46894,0.04207988371067097,49.9363798900067,0.5735384615384616,0.5735384615384616,19535.2,97676.0,97676.0,0.48838,2.4419,2.4419,0.00837945696653088,0.041897284832654404,0.041897284832654404,9.943937802435938,49.71968901217969,49.71968901217969
20,1.4,934.8,0.5752615384615384,145823.6,3.64559,0.041693135956112654,43.19239782642147,0.5809230769230769,0.5809230769230769,29404.2,147021.0,147021.0,0.735105,3.675525,3.675525,0.008314912107528473,0.041574560537642365,0.041574560537642365,8.613911700432897,43.06955850216449,43.06955850216449
21,0.0,2908.6000000000004,1.7899076923076924,143984.0,3.5995999999999997,0.04178274300323144,47.01494405761794,1.6990769230769232,1.6990769230769232,27300.6,136503.0,136503.0,0.682515,3.412575,3.412575,0.008428705766171642,0.04214352883085821,0.04214352883085821,9.484181783949264,47.42090891974632,47.42090891974632
21,0.2,941.0,0.579076923076923,123343.6,3.08359,0.04186082677943334,56.27083978961044,0.6012307692307692,0.6012307692307692,25561.0,127805.0,127805.0,0.639025,3.195125,3.195125,0.008343878954194013,0.041719394770970065,0.041719394770970065,11.21614435207553,56.08072176037765,56.08072176037765
21,0.4,1659.6,1.0212923076923077,136278.2,3.406955,0.04164431847991709,50.76595252446273,1.004923076923077,1.004923076923077,26840.8,134204.0,134204.0,0.6710200000000001,3.3551,3.3551,0.008247206163912005,0.04123603081956003,0.04123603081956003,10.053646976562236,50.26823488281118,50.26823488281118
21,0.6,655.0,0.4030769230769231,73019.79999999999,1.825495,0.04190420254161401,49.18455920564374,0.42646153846153845,0.42646153846153845,15360.6,76803.0,76803.0,0.384015,1.920075,1.920075,0.00832944141133725,0.04164720705668625,0.04164720705668625,9.776582762528761,48.88291381264381,48.88291381264381
21,0.8,1568.0,0.964923076923077,163800.8,4.09502,0.0417117868260565,53.13128782382147,0.9427692307692308,0.9427692307692308,32217.6,161088.0,161088.0,0.8054399999999999,4.0272,4.0272,0.008344723952466555,0.04172361976233278,0.04172361976233278,10.629272056307025,53.146360281535124,53.146360281535124
21,1.0,1864.0,1.147076923076923,101757.0,2.5439249999999998,0.04204136741632199,46.498514622890234,1.1575384615384616,1.1575384615384616,20608.8,103044.0,103044.0,0.51522,2.5761,2.5761,0.00830644133783011,0.04153220668915055,0.04153220668915055,9.187074725388738,45.935373626943694,45.935373626943694
21,1.2,946.0,0.5821538461538461,98757.79999999999,2.468945,0.04208588764152968,49.94350478070875,0.5735384615384616,0.5735384615384616,19535.2,97676.0,97676.0,0.48838,2.4419,2.4419,0.00837945696653088,0.041897284832654404,0.041897284832654404,9.943937802435938,49.71968901217969,49.71968901217969
21,1.4,933.4,0.5744,145585.2,3.63963,0.04166072164754411,43.15881791743033,0.5796923076923077,0.5796923076923077,29291.0,146455.0,146455.0,0.732275,3.661375,3.661375,0.008316937364970136,0.041584686824850677,0.041584686824850677,8.616009785000422,43.08004892500211,43.08004892500211
22,0.0,2906.6000000000004,1.788676923076923,143806.6,3.5951649999999997,0.04180197502057598,47.03658438457059,1.6996923076923076,1.6996923076923076,27266.2,136331.0,136331.0,0.681655,3.408275,3.408275,0.008443534546291124,0.04221767273145562,0.04221767273145562,9.500867482820356,47.50433741410178,47.50433741410178
22,0.2,939.4,0.5780923076923077,123141.79999999999,3.0785449999999996,0.041834157322883564,56.234989739999705,0.6,0.6,25487.4,127437.0,127437.0,0.637185,3.185925,3.185925,0.008311374288910472,0.04155687144455236,0.04155687144455236,11.172450403501067,55.862252017505334,55.862252017505334
22,0.4,1657.0,1.019692307692308,136113.0,3.402825,0.04160881930735867,50.72267773033619,1.004923076923077,1.004923076923077,26840.8,134204.0,134204.0,0.6710200000000001,3.3551,3.3551,0.008247206163912005,0.04123603081956003,0.04123603081956003,10.053646976562236,50.26823488281118,50.26823488281118
22,0.6,653.9999999999999,0.4024615384615384,72948.0,1.8236999999999997,0.04194789470111759,49.23584235806245,0.42646153846153845,0.42646153846153845,15344.6,76723.0,76723.0,0.383615,1.918075,1.918075,0.008340550542199267,0.041702752710996334,0.041702752710996334,9.789621972714507,48.94810986357253,48.94810986357253
22,0.8,1566.1999999999998,0.9638153846153846,163546.0,4.08865,0.041758724304832226,53.19107544943812,0.9396923076923077,0.9396923076923077,32048.8,160244.0,160244.0,0.80122,4.0061,4.0061,0.00837179120054621,0.04185895600273105,0.04185895600273105,10.663749547149505,53.31874773574753,53.31874773574753
22,1.0,1861.6000000000001,1.1456000000000002,101631.0,2.540775,0.042067887115131826,46.52784589060788,1.1556923076923078,1.1556923076923078,20561.6,102808.0,102808.0,0.5140399999999999,2.5702,2.5702,0.008323573634451744,0.04161786817225872,0.04161786817225872,9.206023356081362,46.03011678040681,46.03011678040681
22,1.2,945.0,0.5815384615384616,98599.0,2.464975,0.042054173803482094,49.90586983201443,0.5735384615384616,0.5735384615384616,19521.2,97606.0,97606.0,0.48803,2.44015,2.44015,0.0083760605861953,0.0418803029309765,0.0418803029309765,9.939907303210829,49.699536516054145,49.699536516054145
22,1.4,930.2,0.5724307692307692,145195.8,3.629895,0.041622646353897286,43.119373457500956,0.5772307692307692,0.5772307692307692,29176.0,145880.0,145880.0,0.7293999999999999,3.647,3.647,0.008333079099967663,0.04166539549983831,0.04166539549983831,8.632731967768247,43.163659838841234,43.163659838841234
23,0.0,2904.4,1.7873230769230768,143647.2,3.59118,0.041753948949039096,46.98254429757968,1.6966153846153846,1.6966153846153846,27202.6,136013.0,136013.0,0.680065,3.400325,3.400325,0.008434793868417039,0.0421739693420852,0.0421739693420852,9.491032262541879,47.45516131270939,47.45516131270939
23,0.2,938.5999999999999,0.5776,122962.59999999999,3.074065,0.04181591306835726,56.21046515215677,0.6,0.6,25430.2,127151.0,127151.0,0.635755,3.178775,3.178775,0.008276280600201805,0.04138140300100903,0.04138140300100903,11.125276195849676,55.62638097924838,55.62638097924838
23,0.4,1656.1999999999998,1.0192,136073.4,3.401835,0.041624350499284604,50.74161082327035,1.0043076923076923,1.0043076923076923,26831.0,134155.0,134155.0,0.670775,3.353875,3.353875,0.008248543063366108,0.04124271531683054,0.04124271531683054,10.05527670605942,50.2763835302971,50.2763835302971
23,0.6,653.0,0.40184615384615385,72886.2,1.822155,0.041934362157374366,49.21995869583835,0.42646153846153845,0.42646153846153845,15344.6,76723.0,76723.0,0.383615,1.918075,1.918075,0.008340550542199267,0.041702752710996334,0.041702752710996334,9.789621972714507,48.94810986357253,48.94810986357253
23,0.8,1565.0,0.9630769230769232,163336.4,4.083410000000001,0.041750854820381295,53.181051523943594,0.9403076923076923,0.9403076923076923,32035.8,160179.0,160179.0,0.800895,4.004475,4.004475,0.008351968076194321,0.04175984038097161,0.04175984038097161,10.638499415096913,53.19249707548456,53.19249707548456
23,1.0,1859.2,1.1441230769230768,101515.40000000001,2.537885,0.04208325992239776,46.54484849417145,1.1544615384615384,1.1544615384615384,20556.8,102784.0,102784.0,0.5139199999999999,2.5696,2.5696,0.008332555269358116,0.04166277634679058,0.04166277634679058,9.215957207135625,46.079786035678126,46.079786035678126
23,1.2,943.6,0.5806769230769231,98503.6,2.46259,0.04204455132119329,49.89445079068908,0.5735384615384616,0.5735384615384616,19515.8,97579.0,97579.0,0.48789499999999997,2.439475,2.439475,0.008376929912715972,0.04188464956357986,0.04188464956357986,9.94093893675058,49.7046946837529,49.7046946837529
23,1.4,929.2,0.5718153846153846,145076.0,3.6269,0.041640730238063486,43.13810762803626,0.5772307692307692,0.5772307692307692,29174.4,145872.0,145872.0,0.72936,3.6468,3.6468,0.00832697710479899,0.04163488552399495,0.04163488552399495,8.626410548263184,43.132052741315924,43.132052741315924
24,0.0,2901.2,1.7853538461538463,143483.0,3.5870749999999996,0.04172134919957507,46.945862277990265,1.6904615384615385,1.6904615384615385,27117.6,135588.0,135588.0,0.67794,3.3897,3.3897,0.008411527996239494,0.04205763998119747,0.04205763998119747,9.464852945430163,47.32426472715081,47.32426472715081
24,0.2,937.0,0.5766153846153846,122693.99999999999,3.0673500000000002,0.041798017552054895,56.186409350867685,0.5987692307692307,0.5987692307692307,25369.4,126847.0,126847.0,0.634235,3.171175,3.171175,0.00830203164853341,0.04151015824266705,0.04151015824266705,11.15989168786366,55.7994584393183,55.7994584393183
24,0.4,1656.0,1.019076923076923,135954.80000000002,3.39887,0.041625691256538276,50.74324525556679,1.0043076923076923,1.0043076923076923,26831.0,134155.0,134155.0,0.670775,3.353875,3.353875,0.008248543063366108,0.04124271531683054,0.04124271531683054,10.05527670605942,50.2763835302971,50.2763835302971
24,0.6,652.8000000000001,0.40172307692307696,72740.4,1.8185099999999998,0.04192265980412005,49.206223197927116,0.4270769230769231,0.4270769230769231,15340.8,76704.0,76704.0,0.38351999999999997,1.9176,1.9176,0.008333400486396213,0.041667002431981064,0.041667002431981064,9.781229679778738,48.90614839889369,48.90614839889369
24,0.8,1563.6000000000001,0.9622153846153847,163155.0,4.078875,0.04176789604016713,53.20275814507413,0.940923076923077,0.940923076923077,32035.0,160175.0,160175.0,0.8008749999999999,4.004375,4.004375,0.008352348657728163,0.04176174328864081,0.04176174328864081,10.638984189031415,53.19492094515708,53.19492094515708
24,1.0,1858.4,1.1436307692307692,101463.0,2.536575,0.042120988954399766,46.586577487638294,1.1544615384615384,1.1544615384615384,20556.8,102784.0,102784.0,0.5139199999999999,2.5696,2.5696,0.008332555269358116,0.04166277634679058,0.04166277634679058,9.215957207135625,46.079786035678126,46.079786035678126
24,1.2,942.8000000000001,0.5801846153846154,98403.2,2.46008,0.04208523957344394,49.94273571551014,0.5735384615384616,0.5735384615384616,19508.6,97543.0,97543.0,0.487715,2.438575,2.438575,0.008383750063660846,0.04191875031830423,0.04191875031830423,9.949032439357005,49.745162196785024,49.745162196785024
24,1.4,928.8000000000001,0.5715692307692308,144910.2,3.6227549999999997,0.04170190872785022,43.201486062128374,0.5766153846153846,0.5766153846153846,29138.6,145693.0,145693.0,0.728465,3.642325,3.642325,0.008318980135713808,0.04159490067856904,0.04159490067856904,8.61812601263851,43.090630063192556,43.090630063192556
25,0.0,2900.8,1.7851076923076925,143403.2,3.58508,0.041712918266679735,46.9363755901872,1.6904615384615385,1.6904615384615385,27117.6,135588.0,135588.0,0.67794,3.3897,3.3897,0.008411527996239494,0.04205763998119747,0.04205763998119747,9.464852945430163,47.32426472715081,47.32426472715081
25,0.2,936.2,0.5761230769230768,122542.0,3.0635499999999998,0.0417968970386025,56.18490311609372,0.5981538461538461,0.5981538461538461,25310.2,126551.0,126551.0,0.632755,3.163775,3.163775,0.008295023756548807,0.041475118782744035,0.041475118782744035,11.150471425593011,55.752357127965055,55.752357127965055
25,0.4,1654.6,1.0182153846153845,135837.0,3.395925,0.041642068251732334,50.763209413724766,1.003076923076923,1.003076923076923,26803.0,134015.0,134015.0,0.670075,3.350375,3.350375,0.008268042754748867,0.04134021377374433,0.04134021377374433,10.079047545470713,50.39523772735357,50.39523772735357
25,0.6,651.6,0.40098461538461533,72639.4,1.815985,0.041933302353492054,49.2187147636398,0.4258461538461538,0.4258461538461538,15329.8,76649.0,76649.0,0.383245,1.916225,1.916225,0.008345090394037583,0.04172545197018792,0.04172545197018792,9.794950569799841,48.97475284899921,48.97475284899921
25,0.8,1563.0,0.9618461538461538,163069.8,4.076745,0.04176575777589504,53.2000344848541,0.940923076923077,0.940923076923077,32030.0,160150.0,160150.0,0.8007500000000001,4.00375,4.00375,0.008333763363254004,0.04166881681627002,0.04166881681627002,10.615310769474618,53.07655384737309,53.07655384737309
25,1.0,1857.9999999999998,1.1433846153846154,101427.6,2.53569,0.04212578905252135,46.5918864831923,1.1550769230769231,1.1550769230769231,20551.2,102756.0,102756.0,0.51378,2.5689,2.5689,0.008334787554196822,0.04167393777098411,0.04167393777098411,9.21842615464124,46.09213077320619,46.09213077320619
25,1.2,942.4000000000001,0.5799384615384616,98329.20000000001,2.4582300000000004,0.042043452565865835,49.89314689299261,0.5735384615384616,0.5735384615384616,19508.6,97543.0,97543.0,0.487715,2.438575,2.438575,0.008383750063660846,0.04191875031830423,0.04191875031830423,9.949032439357005,49.745162196785024,49.745162196785024
25,1.4,927.8000000000001,0.5709538461538461,144698.6,3.6174649999999993,0.041721845438139685,43.222139685378956,0.576,0.576,29070.4,145352.0,145352.0,0.72676,3.6338,3.6338,0.008323781183737403,0.04161890591868701,0.04161890591868701,8.623099703666146,43.115498518330725,43.115498518330725
26,0.0,2894.4,1.7811692307692306,143107.6,3.57769,0.04172730769160281,46.95256691605891,1.6836923076923076,1.6836923076923076,26990.6,134953.0,134953.0,0.6747650000000001,3.373825,3.373825,0.00840959741003115,0.04204798705015574,0.04204798705015574,9.46268060354785,47.313403017739255,47.313403017739255
26,0.2,935.8,0.5758769230769231,122429.2,3.06073,0.04181508988716514,56.20935860217811,0.5981538461538461,0.5981538461538461,25309.6,126548.0,126548.0,0.63274,3.1637,3.1637,0.008301104260324908,0.04150552130162454,0.04150552130162454,11.158645059038617,55.79322529519309,55.79322529519309
26,0.4,1651.3999999999999,1.0162461538461538,135595.0,3.389875,0.041641271669194936,50.762238350378055,1.003076923076923,1.003076923076923,26797.8,133989.0,133989.0,0.669945,3.349725,3.349725,0.008259922551125554,0.041299612755627775,0.041299612755627775,10.069148719251986,50.34574359625993,50.34574359625993
26,0.6,651.1999999999999,0.40073846153846154,72538.2,1.8134550000000003,0.04196854345963631,49.260078592718834,0.4258461538461538,0.4258461538461538,15321.2,76606.0,76606.0,0.38303,1.91515,1.91515,0.008342257341285901,0.041711286706429505,0.041711286706429505,9.791625307836927,48.95812653918464,48.95812653918464
26,0.8,1561.4,0.9608615384615384,162846.0,4.07115,0.04178729501928645,53.22746801299167,0.940923076923077,0.940923076923077,32016.0,160080.0,160080.0,0.8004,4.002,4.002,0.008322784351184644,0.04161392175592322,0.04161392175592322,10.601326016131136,53.006630080655675,53.006630080655675
26,1.0,1856.7999999999997,1.1426461538461539,101367.6,2.5341899999999997,0.04215328387774655,46.62229625840554,1.1550769230769231,1.1550769230769231,20540.2,102701.0,102701.0,0.513505,2.567525,2.567525,0.00832946630914742,0.0416473315457371,0.0416473315457371,9.21254076113604,46.0627038056802,46.0627038056802
26,1.2,942.3999999999999,0.5799384615384615,98172.40000000001,2.45431,0.04204793863619044,49.89847053203788,0.5729230769230769,0.5729230769230769,19425.4,97127.0,97127.0,0.485635,2.428175,2.428175,0.008366254128658037,0.04183127064329019,0.04183127064329019,9.928269937662886,49.64134968831443,49.64134968831443
26,1.4,926.3999999999999,0.5700923076923077,144501.19999999998,3.61253,0.0417338927739946,43.234620236699,0.576,0.576,29070.4,145352.0,145352.0,0.72676,3.6338,3.6338,0.008323781183737403,0.04161890591868701,0.04161890591868701,8.623099703666146,43.115498518330725,43.115498518330725
27,0.0,2892.8,1.7801846153846153,142962.4,3.5740600000000002,0.04169383336075157,46.91490079652685,1.6830769230769231,1.6830769230769231,26958.2,134791.0,134791.0,0.6739550000000001,3.369775,3.369775,0.008390393603399776,0.04195196801699888,0.04195196801699888,9.441072019965928,47.20536009982964,47.20536009982964
27,0.2,936.4000000000001,0.5762461538461539,122358.2,3.058955,0.04186303709675386,56.27381097822271,0.5981538461538461,0.5981538461538461,25298.2,126491.0,126491.0,0.632455,3.162275,3.162275,0.008309138804326526,0.04154569402163263,0.04154569402163263,11.1694453841416,55.847226920708,55.847226920708
27,0.4,1647.6000000000001,1.0139076923076922,135385.0,3.3846249999999998,0.041702842099333115,50.837294964278755,1.0024615384615385,1.0024615384615385,26792.6,133963.0,133963.0,0.669815,3.349075,3.349075,0.008268046546016046,0.04134023273008023,0.04134023273008023,10.079052167164537,50.39526083582269,50.39526083582269
27,0.6,650.5999999999999,0.40036923076923076,72506.79999999999,1.8126699999999998,0.04201122520208624,49.31017578014161,0.42523076923076925,0.42523076923076925,15319.4,76597.0,76597.0,0.382985,1.914925,1.914925,0.008356194795034518,0.04178097397517259,0.04178097397517259,9.807984228362715,49.03992114181357,49.03992114181357
27,0.8,1560.2,0.9601230769230769,162755.80000000002,4.068895,0.04180258158233455,53.246939602270075,0.9403076923076923,0.9403076923076923,31973.2,159866.0,159866.0,0.79933,3.99665,3.99665,0.008320370645804848,0.04160185322902424,0.04160185322902424,10.598251506861354,52.99125753430677,52.99125753430677
27,1.0,1856.4,1.1424,101349.4,2.533735,0.04218385747487783,46.656111211168735,1.1556923076923078,1.1556923076923078,20542.6,102713.0,102713.0,0.513565,2.567825,2.567825,0.008330421158737127,0.04165210579368563,0.04165210579368563,9.213596842094827,46.06798421047413,46.06798421047413
27,1.2,942.1999999999998,0.5798153846153846,98140.2,2.453505,0.042059471479494584,49.912156607037694,0.5735384615384616,0.5735384615384616,19422.6,97113.0,97113.0,0.48556499999999997,2.427825,2.427825,0.008375060114086594,0.04187530057043297,0.04187530057043297,9.93872003863488,49.693600193174404,49.693600193174404
27,1.4,926.0,0.5698461538461539,144418.2,3.610455,0.04177143762393741,43.27351517846519,0.576,0.576,29052.6,145263.0,145263.0,0.726315,3.631575,3.631575,0.008323085999587365,0.041615429997936826,0.041615429997936826,8.622379521082548,43.11189760541274,43.11189760541274
28,0.0,2888.4,1.777476923076923,142719.2,3.56798,0.041691952080931634,46.912783935374776,1.6830769230769231,1.6830769230769231,26944.0,134720.0,134720.0,0.6736,3.368,3.368,0.008383779562415924,0.04191889781207962,0.04191889781207962,9.43362974249682,47.1681487124841,47.1681487124841
28,0.2,935.6,0.5757538461538462,122200.4,3.0550100000000002,0.041867258236792826,56.279485187576306,0.5981538461538461,0.5981538461538461,25295.6,126478.0,126478.0,0.63239,3.16195,3.16195,0.008303534749064591,0.041517673745322954,0.041517673745322954,11.16191221004836,55.809561050241804,55.809561050241804
28,0.4,1646.4,1.0131692307692308,135236.4,3.38091,0.04172419111831516,50.86332020190173,1.0024615384615385,1.0024615384615385,26760.0,133800.0,133800.0,0.669,3.345,3.345,0.008264121423357805,0.041320607116789025,0.041320607116789025,10.074267298596764,50.37133649298382,50.37133649298382
28,0.6,650.2,0.40012307692307697,72412.79999999999,1.81032,0.04202066662061586,49.321257532817704,0.42523076923076925,0.42523076923076925,15281.8,76409.0,76409.0,0.382045,1.910225,1.910225,0.008362427418989703,0.041812137094948514,0.041812137094948514,9.815299696581587,49.07649848290793,49.07649848290793
28,0.8,1558.8,0.9592615384615384,162594.2,4.064855,0.041803441033800105,53.24803434710509,0.939076923076923,0.939076923076923,31951.6,159758.0,159758.0,0.79879,3.99395,3.99395,0.008322825485774768,0.04161412742887384,0.04161412742887384,10.601378412202214,53.00689206101107,53.00689206101107
28,1.0,1856.0,1.1421538461538463,101333.6,2.53334,0.042179875412001085,46.651706977427466,1.1550769230769231,1.1550769230769231,20535.2,102676.0,102676.0,0.51338,2.5669,2.5669,0.008336097923120112,0.04168048961560056,0.04168048961560056,9.219875446428956,46.09937723214478,46.09937723214478
28,1.2,941.6,0.5794461538461538,98074.79999999999,2.4518699999999995,0.04207268861424143,49.92784143797294,0.5735384615384616,0.5735384615384616,19425.6,97128.0,97128.0,0.48563999999999996,2.4282,2.4282,0.008370619387566442,0.04185309693783221,0.04185309693783221,9.93345020927835,49.66725104639175,49.66725104639175
28,1.4,926.0,0.5698461538461539,144176.2,3.604405,0.041828036041791944,43.33214884379784,0.5741538461538461,0.5741538461538461,28974.2,144871.0,144871.0,0.724355,3.621775,3.621775,0.008315736391940663,0.041578681959703316,0.041578681959703316,8.61476562565193,43.07382812825965,43.07382812825965
29,0.0,2884.0,1.7747692307692307,142615.0,3.5653749999999995,0.04167065777693511,46.888823074043465,1.678153846153846,1.678153846153846,26922.0,134610.0,134610.0,0.67305,3.36525,3.36525,0.008387303720635727,0.04193651860317863,0.04193651860317863,9.437595209808082,47.18797604904041,47.18797604904041
29,0.2,933.8000000000001,0.5746461538461538,121869.0,3.0467249999999995,0.04185535220373675,56.26348066663938,0.5963076923076923,0.5963076923076923,25244.2,126221.0,126221.0,0.631105,3.155525,3.155525,0.008287085080193905,0.041435425400969526,0.041435425400969526,11.139799969253602,55.69899984626801,55.69899984626801
29,0.4,1645.0,1.0123076923076924,135095.6,3.37739,0.04171474493442519,50.85180495707604,1.0024615384615385,1.0024615384615385,26751.2,133756.0,133756.0,0.66878,3.3439,3.3439,0.008271016587301535,0.04135508293650767,0.04135508293650767,10.082672756488568,50.41336378244284,50.41336378244284
29,0.6,648.8000000000001,0.39926153846153856,72300.40000000001,1.80751,0.04200262144519669,49.30007722285001,0.42523076923076925,0.42523076923076925,15279.0,76395.0,76395.0,0.381975,1.909875,1.909875,0.008368934438539017,0.04184467219269509,0.04184467219269509,9.822937233364627,49.114686166823134,49.114686166823134
29,0.8,1557.8,0.9586461538461538,162505.80000000002,4.062645000000001,0.0418243581741274,53.27467800559461,0.9384615384615385,0.9384615384615385,31945.0,159725.0,159725.0,0.798625,3.993125,3.993125,0.008323105317690647,0.04161552658845324,0.04161552658845324,10.601734854138565,53.00867427069282,53.00867427069282
29,1.0,1853.9999999999998,1.140923076923077,101191.19999999998,2.52978,0.04214678341683436,46.61510663077549,1.1538461538461537,1.1538461538461537,20511.6,102558.0,102558.0,0.5127900000000001,2.56395,2.56395,0.00831800457155452,0.0415900228577726,0.0415900228577726,9.199863871543236,45.99931935771618,45.99931935771618
29,1.2,940.8000000000001,0.5789538461538462,97915.20000000001,2.44788,0.042017684247990336,49.86256751878605,0.5741538461538461,0.5741538461538461,19404.4,97022.0,97022.0,0.48511,2.42555,2.42555,0.00838214697391659,0.04191073486958295,0.04191073486958295,9.947130045828132,49.73565022914066,49.73565022914066
29,1.4,925.8,0.569723076923077,144166.4,3.6041600000000003,0.04184066208550917,43.34522891299153,0.5735384615384616,0.5735384615384616,28966.8,144834.0,144834.0,0.72417,3.62085,3.62085,0.008328604281143003,0.04164302140571501,0.04164302140571501,8.628096236959239,43.140481184796194,43.140481184796194
30,0.0,2884.0,1.7747692307692309,142571.6,3.5642899999999997,0.041675053526479586,46.893769276807326,1.678153846153846,1.678153846153846,26921.2,134606.0,134606.0,0.67303,3.36515,3.36515,0.008387977905754981,0.04193988952877491,0.04193988952877491,9.438353819066064,47.19176909533032,47.19176909533032
30,0.2,932.8000000000001,0.5740307692307692,121773.40000000001,3.0443350000000002,0.041829821273561066,56.22916106542451,0.5956923076923077,0.5956923076923077,25230.2,126151.0,126151.0,0.630755,3.153775,3.153775,0.008258969453446733,0.04129484726723366,0.04129484726723366,11.10200592527519,55.51002962637595,55.51002962637595
30,0.4,1643.3999999999999,1.011323076923077,134999.2,3.3749800000000008,0.041768685906821076,50.917560981996786,1.0024615384615385,1.0024615384615385,26742.4,133712.0,133712.0,0.66856,3.3428,3.3428,0.008281028080960501,0.04140514040480251,0.04140514040480251,10.094877134668877,50.474385673344386,50.474385673344386
30,0.6,647.6,0.3985230769230769,72208.4,1.8052100000000002,0.0420004838676123,49.29756826659074,0.4246153846153846,0.4246153846153846,15253.4,76267.0,76267.0,0.381335,1.906675,1.906675,0.008377216603998785,0.04188608301999392,0.04188608301999392,9.832658326541434,49.16329163270717,49.16329163270717
30,0.8,1556.3999999999999,0.9577846153846155,162362.59999999998,4.059065,0.041826253324075094,53.27709199370209,0.9378461538461539,0.9378461538461539,31944.4,159722.0,159722.0,0.79861,3.99305,3.99305,0.008315403228607516,0.041577016143037576,0.041577016143037576,10.591924152103019,52.959620760515094,52.959620760515094
30,1.0,1853.2,1.1404307692307691,101118.0,2.5279499999999997,0.04214168879930637,46.60947189141801,1.1544615384615384,1.1544615384615384,20486.8,102434.0,102434.0,0.51217,2.56085,2.56085,0.008300261343946066,0.04150130671973033,0.04150130671973033,9.180239540102281,45.90119770051141,45.90119770051141
30,1.2,939.9999999999999,0.5784615384615385,97834.20000000001,2.445855,0.042051877084038236,49.903144305122815,0.5723076923076923,0.5723076923076923,19358.4,96792.0,96792.0,0.48396,2.4198,2.4198,0.008383683872613162,0.041918419363065805,0.041918419363065805,9.948953890154604,49.74476945077302,49.74476945077302
30,1.4,926.0,0.5698461538461539,144116.0,3.6029,0.0418302576630477,43.334450353312484,0.5735384615384616,0.5735384615384616,28958.8,144794.0,144794.0,0.72397,3.61985,3.61985,0.008321735722743032,0.041608678613715165,0.041608678613715165,8.620980689037449,43.10490344518725,43.10490344518725
31,0.0,2883.4000000000005,1.7744000000000002,142525.6,3.5631399999999998,0.041669791057160434,46.88784782017568,1.6775384615384616,1.6775384615384616,26907.8,134539.0,134539.0,0.672695,3.363475,3.363475,0.008374237024984795,0.04187118512492398,0.04187118512492398,9.4228922506223,47.1144612531115,47.1144612531115
31,0.2,932.2,0.5736615384615384,121630.6,3.040765,0.041851035009181956,56.25767733732597,0.5956923076923077,0.5956923076923077,25230.2,126151.0,126151.0,0.630755,3.153775,3.153775,0.008258969453446733,0.04129484726723366,0.04129484726723366,11.10200592527519,55.51002962637595,55.51002962637595
31,0.4,1642.2000000000003,1.0105846153846154,134901.80000000002,3.3725449999999997,0.041775784016006234,50.92621383758574,1.0024615384615385,1.0024615384615385,26737.6,133688.0,133688.0,0.66844,3.3422,3.3422,0.0082760237335401,0.0413801186677005,0.0413801186677005,10.08877665150975,50.44388325754875,50.44388325754875
31,0.6,647.1999999999999,0.3982769230769231,72168.59999999999,1.804215,0.04198938868264035,49.28454542522755,0.424,0.424,15230.4,76152.0,76152.0,0.38076,1.9038,1.9038,0.00836437126553084,0.04182185632765419,0.04182185632765419,9.817581263333613,49.08790631666807,49.08790631666807
31,0.8,1555.8,0.9574153846153848,162193.0,4.054824999999999,0.04189491184024034,53.36454725902422,0.9378461538461539,0.9378461538461539,31935.0,159675.0,159675.0,0.798375,3.991875,3.991875,0.008337054291783136,0.04168527145891568,0.04168527145891568,10.619502660644807,53.097513303224034,53.097513303224034
31,1.0,1852.8,1.1401846153846154,101095.4,2.5273849999999998,0.04212558913759448,46.591665373658486,1.1538461538461537,1.1538461538461537,20482.6,102413.0,102413.0,0.512065,2.560325,2.560325,0.008301455762404712,0.04150727881202356,0.04150727881202356,9.181560588573785,45.90780294286892,45.90780294286892
31,1.2,939.0,0.5778461538461539,97697.4,2.442435,0.04204304626064355,49.89266472882907,0.5723076923076923,0.5723076923076923,19357.8,96789.0,96789.0,0.483945,2.419725,2.419725,0.008386176590522033,0.04193088295261016,0.04193088295261016,9.951912009271851,49.759560046359255,49.759560046359255
31,1.4,925.6,0.5696,143859.4,3.5964850000000004,0.0418069358143658,43.310289863984536,0.5729230769230769,0.5729230769230769,28958.8,144794.0,144794.0,0.72397,3.61985,3.61985,0.008321819882939384,0.04160909941469692,0.04160909941469692,8.621067875587432,43.105339377937156,43.105339377937156
32,0.0,2882.4,1.7737846153846155,142435.40000000002,3.560885,0.041644142304373265,46.85898722867878,1.6775384615384616,1.6775384615384616,26901.8,134509.0,134509.0,0.6725450000000001,3.362725,3.362725,0.008376330572378316,0.04188165286189158,0.04188165286189158,9.425247960336732,47.12623980168366,47.12623980168366
32,0.2,932.5999999999999,0.5739076923076923,121602.0,3.04005,0.04187105616887062,56.28459050545759,0.5956923076923077,0.5956923076923077,25224.0,126120.0,126120.0,0.6306,3.153,3.153,0.008257913698662474,0.04128956849331237,0.04128956849331237,11.100586741448861,55.5029337072443,55.5029337072443
32,0.4,1640.8000000000002,1.009723076923077,134817.4,3.370435,0.04179829448842157,50.95365492956786,1.0018461538461538,1.0018461538461538,26734.6,133673.0,133673.0,0.668365,3.341825,3.341825,0.008282309903344507,0.04141154951672253,0.04141154951672253,10.09643972319635,50.482198615981744,50.482198615981744
32,0.6,646.8000000000001,0.39803076923076924,72030.20000000001,1.800755,0.04196967664485968,49.261408655393446,0.424,0.424,15218.8,76094.0,76094.0,0.38047,1.90235,1.90235,0.00838051587066904,0.0419025793533452,0.0419025793533452,9.8365308015448,49.182654007724004,49.182654007724004
32,0.8,1554.3999999999999,0.9565538461538461,161978.4,4.04946,0.04190433966575054,53.37655615504258,0.9372307692307692,0.9372307692307692,31930.0,159650.0,159650.0,0.79825,3.99125,3.99125,0.008329767718517256,0.04164883859258628,0.04164883859258628,10.610221230840487,53.05110615420244,53.05110615420244
32,1.0,1852.1999999999998,1.1398153846153847,101047.8,2.526195,0.04209300360747761,46.55562518653445,1.1538461538461537,1.1538461538461537,20478.8,102394.0,102394.0,0.51197,2.55985,2.55985,0.00827902069739572,0.041395103486978606,0.041395103486978606,9.156746999899188,45.78373499949594,45.78373499949594
32,1.2,938.8000000000001,0.5777230769230769,97667.0,2.4416749999999996,0.0420266327705712,49.87318676921279,0.5716923076923077,0.5716923076923077,19352.0,96760.0,96760.0,0.4838,2.419,2.419,0.00839398660786832,0.0419699330393416,0.0419699330393416,9.96118019061554,49.805900953077696,49.805900953077696
32,1.4,925.2,0.5693538461538462,143796.6,3.5949150000000003,0.04176688655042571,43.26880045089321,0.5741538461538461,0.5741538461538461,28955.6,144778.0,144778.0,0.72389,3.61945,3.61945,0.00831508781251376,0.041575439062568796,0.041575439062568796,8.614093723671271,43.07046861835635,43.07046861835635
33,0.0,2880.6,1.7726769230769228,142348.19999999998,3.5587050000000002,0.041624852968590066,46.83728240564489,1.6763076923076923,1.6763076923076923,26880.6,134403.0,134403.0,0.672015,3.360075,3.360075,0.008368568103149936,0.041842840515749685,0.041842840515749685,9.41651344387636,47.0825672193818,47.0825672193818
33,0.2,932.4000000000001,0.5737846153846153,121488.4,3.03721,0.04188204017442962,56.29935560363194,0.5956923076923077,0.5956923076923077,25205.8,126029.0,126029.0,0.630145,3.150725,3.150725,0.008244684619235183,0.04122342309617591,0.04122342309617591,11.082803733651629,55.414018668258144,55.414018668258144
33,0.4,1638.8000000000002,1.0084923076923078,134706.6,3.367665,0.04178900486005496,50.942330531670535,0.9993846153846154,0.9993846153846154,26688.6,133443.0,133443.0,0.667215,3.336075,3.336075,0.00826891877526258,0.041344593876312896,0.041344593876312896,10.08011544662585,50.40057723312925,50.40057723312925
33,0.6,646.0,0.39753846153846156,71959.0,1.798975,0.041882585481014395,49.159186437939645,0.4227692307692308,0.4227692307692308,15194.6,75973.0,75973.0,0.379865,1.899325,1.899325,0.008356473886842682,0.04178236943421341,0.04178236943421341,9.808311809052238,49.04155904526119,49.04155904526119
33,0.8,1553.6,0.9560615384615385,161870.59999999998,4.046765,0.041925084668933923,53.40298055013356,0.9366153846153846,0.9366153846153846,31887.4,159437.0,159437.0,0.797185,3.985925,3.985925,0.008329143238866448,0.041645716194332244,0.041645716194332244,10.609425786420772,53.04712893210386,53.04712893210386
33,1.0,1851.8000000000002,1.1395692307692307,100953.4,2.523835,0.04212226232993595,46.587985864069125,1.1538461538461537,1.1538461538461537,20476.4,102382.0,102382.0,0.5119100000000001,2.55955,2.55955,0.008283251462260766,0.041416257311303835,0.041416257311303835,9.161426302548774,45.80713151274387,45.80713151274387
33,1.2,938.2,0.5773538461538462,97559.4,2.438985,0.042036946465354955,49.88542607539369,0.5723076923076923,0.5723076923076923,19353.8,96769.0,96769.0,0.48384499999999997,2.419225,2.419225,0.00840035424258102,0.0420017712129051,0.0420017712129051,9.968736690253237,49.84368345126619,49.84368345126619
33,1.4,925.2,0.5693538461538462,143758.99999999997,3.593975,0.041788521059949284,43.291212925289614,0.5735384615384616,0.5735384615384616,28938.8,144694.0,144694.0,0.7234700000000001,3.61735,3.61735,0.008314518765342447,0.04157259382671224,0.04157259382671224,8.613504213881669,43.06752106940834,43.06752106940834
34,0.0,2879.4,1.7719384615384615,142271.0,3.556775,0.041596038533959094,46.80485971304852,1.6756923076923076,1.6756923076923076,26876.4,134382.0,134382.0,0.67191,3.35955,3.35955,0.008356745943165919,0.041783729715829596,0.041783729715829596,9.403210866057432,47.01605433028716,47.01605433028716
34,0.2,932.2,0.5736615384615384,121381.0,3.0345250000000004,0.041933351845221845,56.36833061030586,0.5950769230769231,0.5950769230769231,25164.4,125822.0,125822.0,0.6291100000000001,3.14555,3.14555,0.008267858165444687,0.041339290827223436,0.041339290827223436,11.113954453941579,55.5697722697079,55.5697722697079
34,0.4,1638.6,1.0083692307692307,134668.8,3.36672,0.04181449390323897,50.97340261072971,0.9987692307692307,0.9987692307692307,26678.6,133393.0,133393.0,0.666965,3.334825,3.334825,0.0082585817149265,0.0412929085746325,0.0412929085746325,10.067514190718228,50.33757095359114,50.33757095359114
34,0.6,645.8,0.39741538461538456,71902.59999999999,1.797565,0.04185313150746352,49.1246151868935,0.42153846153846153,0.42153846153846153,15151.6,75758.0,75758.0,0.37879,1.89395,1.89395,0.0083641076130658,0.041820538065329003,0.041820538065329003,9.817271804389408,49.08635902194704,49.08635902194704
34,0.8,1551.3999999999999,0.9547076923076923,161588.6,4.039715,0.041948009412628745,53.43218143669871,0.9353846153846154,0.9353846153846154,31781.4,158907.0,158907.0,0.794535,3.972675,3.972675,0.008323229500830653,0.04161614750415327,0.04161614750415327,10.60189303509068,53.00946517545339,53.00946517545339
34,1.0,1851.4,1.1393230769230769,100941.6,2.52354,0.04214019175632049,46.60781613473245,1.1538461538461537,1.1538461538461537,20476.4,102382.0,102382.0,0.5119100000000001,2.55955,2.55955,0.008283251462260766,0.041416257311303835,0.041416257311303835,9.161426302548774,45.80713151274387,45.80713151274387
34,1.2,939.0,0.5778461538461539,97490.6,2.437265,0.042073779025370704,49.929135433573336,0.5729230769230769,0.5729230769230769,19348.0,96740.0,96740.0,0.48369999999999996,2.4185,2.4185,0.008406202378084041,0.0420310118904202,0.0420310118904202,9.975676697933276,49.878383489666376,49.878383489666376
34,1.4,924.8,0.5691076923076923,143709.2,3.5927300000000004,0.04180475824823521,43.30803399379274,0.5741538461538461,0.5741538461538461,28935.0,144675.0,144675.0,0.723375,3.616875,3.616875,0.008319134033153756,0.04159567016576878,0.04159567016576878,8.618285444144401,43.091427220722004,43.091427220722004
35,0.0,2878.6000000000004,1.7714461538461537,142209.80000000002,3.5552449999999998,0.041558441723101136,46.76255488018737,1.6756923076923076,1.6756923076923076,26876.4,134382.0,134382.0,0.67191,3.35955,3.35955,0.008356745943165919,0.041783729715829596,0.041783729715829596,9.403210866057432,47.01605433028716,47.01605433028716
35,0.2,931.8,0.5734153846153847,121363.20000000001,3.0340800000000003,0.041945030473186456,56.384029445080934,0.5944615384615385,0.5944615384615385,25152.2,125761.0,125761.0,0.6288050000000001,3.144025,3.144025,0.008304215456109623,0.04152107728054811,0.04152107728054811,11.162827241117297,55.814136205586486,55.814136205586486
35,0.4,1636.2,1.0068923076923078,134582.4,3.3645600000000004,0.04181346189402328,50.97214455362226,0.9981538461538462,0.9981538461538462,26673.6,133368.0,133368.0,0.66684,3.3342,3.3342,0.008263099864216503,0.04131549932108251,0.04131549932108251,10.0730219805135,50.365109902567504,50.365109902567504
35,0.6,645.1999999999999,0.3970461538461538,71875.20000000001,1.7968800000000003,0.04184348103250335,49.113288056719156,0.4203076923076923,0.4203076923076923,15143.0,75715.0,75715.0,0.378575,1.892875,1.892875,0.0083580514458153,0.0417902572290765,0.0417902572290765,9.810163450128382,49.050817250641906,49.050817250641906
35,0.8,1551.6,0.9548307692307693,161583.4,4.039585,0.041941236773447674,53.42355464151592,0.9353846153846154,0.9353846153846154,31781.4,158907.0,158907.0,0.794535,3.972675,3.972675,0.008323229500830653,0.04161614750415327,0.04161614750415327,10.60189303509068,53.00946517545339,53.00946517545339
35,1.0,1849.8000000000002,1.1383384615384615,100865.20000000001,2.52163,0.042154327059244615,46.62345003605654,1.1526153846153846,1.1526153846153846,20462.0,102310.0,102310.0,0.51155,2.55775,2.55775,0.008292615823537509,0.04146307911768755,0.04146307911768755,9.171783455907958,45.85891727953979,45.85891727953979
35,1.2,938.8,0.5777230769230769,97425.79999999999,2.435645,0.04203536792599196,49.883552815908374,0.5723076923076923,0.5723076923076923,19313.0,96565.0,96565.0,0.48282499999999995,2.414125,2.414125,0.008401519654039579,0.04200759827019789,0.04200759827019789,9.970119689068609,49.850598445343046,49.850598445343046
35,1.4,923.8,0.5684923076923077,143582.0,3.58955,0.041799274927217966,43.302353495615876,0.5741538461538461,0.5741538461538461,28935.0,144675.0,144675.0,0.723375,3.616875,3.616875,0.008319134033153756,0.04159567016576878,0.04159567016576878,8.618285444144401,43.091427220722004,43.091427220722004
36,0.0,2876.4000000000005,1.7700923076923076,142093.6,3.55234,0.041590877117989714,46.799051964068525,1.6750769230769231,1.6750769230769231,26852.0,134260.0,134260.0,0.6713,3.3565,3.3565,0.008365339301071468,0.041826696505357336,0.041826696505357336,9.412880318375704,47.06440159187852,47.06440159187852
36,0.2,930.8,0.5728000000000001,121230.20000000001,3.030755,0.041929636430288714,56.36333621495967,0.5944615384615385,0.5944615384615385,25142.0,125710.0,125710.0,0.6285499999999999,3.14275,3.14275,0.008307845609857756,0.04153922804928878,0.04153922804928878,11.167707025289964,55.83853512644982,55.83853512644982
36,0.4,1634.4,1.0057846153846155,134484.8,3.36212,0.041805792861952865,50.96279572208398,0.9950769230769231,0.9950769230769231,26632.2,133161.0,133161.0,0.665805,3.329025,3.329025,0.008260028722019822,0.04130014361009911,0.04130014361009911,10.069278145468445,50.346390727342225,50.346390727342225
36,0.6,643.8,0.39618461538461536,71842.2,1.796055,0.04179520618661706,49.056626030678224,0.41907692307692307,0.41907692307692307,15133.4,75667.0,75667.0,0.378335,1.891675,1.891675,0.008333811426371034,0.04166905713185517,0.04166905713185517,9.781712015685297,48.90856007842648,48.90856007842648
36,0.8,1550.2,0.9539692307692308,161554.0,4.03885,0.04193349690757385,53.41369582047873,0.9347692307692308,0.9347692307692308,31766.2,158831.0,158831.0,0.794155,3.970775,3.970775,0.008311690888532033,0.04155845444266016,0.04155845444266016,10.587195478889548,52.93597739444774,52.93597739444774
36,1.0,1848.4,1.137476923076923,100748.0,2.5187,0.04216065962861983,46.63045397260261,1.1507692307692308,1.1507692307692308,20410.2,102051.0,102051.0,0.510255,2.551275,2.551275,0.00829773165006122,0.04148865825030609,0.04148865825030609,9.177441652799255,45.88720826399627,45.88720826399627
36,1.2,939.0,0.5778461538461538,97377.0,2.434425,0.04201588949564719,49.860437678422585,0.5729230769230769,0.5729230769230769,19310.6,96553.0,96553.0,0.482765,2.413825,2.413825,0.008392912786785724,0.04196456393392862,0.04196456393392862,9.959905882495224,49.79952941247612,49.79952941247612
36,1.4,923.3999999999999,0.5682461538461538,143535.2,3.5883800000000003,0.041813069298308754,43.31664390458261,0.5735384615384616,0.5735384615384616,28919.6,144598.0,144598.0,0.72299,3.61495,3.61495,0.008339887292115943,0.04169943646057972,0.04169943646057972,8.639784978701673,43.19892489350836,43.19892489350836
37,0.0,2876.4,1.7700923076923074,142069.80000000002,3.551745,0.04159342711613605,46.8019212831122,1.6756923076923076,1.6756923076923076,26835.2,134176.0,134176.0,0.67088,3.3544,3.3544,0.008361463335057846,0.04180731667528923,0.04180731667528923,9.40851898850118,47.0425949425059,47.0425949425059
37,0.2,930.8000000000001,0.5728,121193.59999999998,3.02984,0.04192925721647804,56.362826462018134,0.5938461538461538,0.5938461538461538,25139.8,125699.0,125699.0,0.628495,3.142475,3.142475,0.00831862398459763,0.04159311992298815,0.04159311992298815,11.18219570706817,55.910978535340845,55.910978535340845
37,0.4,1633.6,1.0052923076923077,134370.4,3.35926,0.04182491588446939,50.98610738832403,0.9944615384615385,0.9944615384615385,26596.6,132983.0,132983.0,0.6649149999999999,3.324575,3.324575,0.00826385955992211,0.04131929779961055,0.04131929779961055,10.073948077458573,50.369740387292865,50.369740387292865
37,0.6,643.4000000000001,0.39593846153846146,71795.6,1.7948899999999999,0.041837715761639076,49.10652113863072,0.41907692307692307,0.41907692307692307,15130.8,75654.0,75654.0,0.37827,1.89135,1.89135,0.0083293996683045,0.0416469983415225,0.0416469983415225,9.77653376714068,48.882668835703406,48.882668835703406
37,0.8,1548.6,0.9529846153846154,161413.4,4.035335000000001,0.0419597383316918,53.44712140024428,0.931076923076923,0.931076923076923,31677.6,158388.0,158388.0,0.7919400000000001,3.9597,3.9597,0.008325060218234528,0.04162530109117264,0.04162530109117264,10.604224950856239,53.02112475428119,53.02112475428119
37,1.0,1847.8000000000002,1.1371076923076924,100733.6,2.5183400000000002,0.042169788995354035,46.64055121773701,1.1507692307692308,1.1507692307692308,20410.2,102051.0,102051.0,0.510255,2.551275,2.551275,0.00829773165006122,0.04148865825030609,0.04148865825030609,9.177441652799255,45.88720826399627,45.88720826399627
37,1.2,939.6,0.5782153846153846,97314.59999999999,2.432865,0.042009851322000656,49.85327215165622,0.5741538461538461,0.5741538461538461,19293.6,96468.0,96468.0,0.48234000000000005,2.4117,2.4117,0.008392029133626914,0.041960145668134566,0.041960145668134566,9.958857247472068,49.79428623736034,49.79428623736034
37,1.4,923.0,0.5680000000000001,143500.6,3.587515,0.04182514666620077,43.32915556787503,0.5735384615384616,0.5735384615384616,28919.6,144598.0,144598.0,0.72299,3.61495,3.61495,0.008339887292115943,0.04169943646057972,0.04169943646057972,8.639784978701673,43.19892489350836,43.19892489350836
38,0.0,2875.0,1.7692307692307692,142014.4,3.5503599999999995,0.04160634015532755,46.81645134436633,1.6738461538461538,1.6738461538461538,26830.4,134152.0,134152.0,0.67076,3.3538,3.3538,0.008365945431278804,0.04182972715639402,0.04182972715639402,9.413562350615365,47.067811753076825,47.067811753076825
38,0.2,930.6,0.5726769230769231,121154.0,3.0288500000000003,0.04192487974497622,56.356942106248944,0.5938461538461538,0.5938461538461538,25118.4,125592.0,125592.0,0.6279600000000001,3.1398,3.1398,0.008312562368865486,0.04156281184432743,0.04156281184432743,11.17404746361548,55.8702373180774,55.8702373180774
38,0.4,1632.8,1.0048,134301.2,3.3575299999999997,0.04181504047450291,50.97406890115899,0.9938461538461538,0.9938461538461538,26579.4,132897.0,132897.0,0.664485,3.322425,3.322425,0.008250247247491085,0.04125123623745543,0.04125123623745543,10.05735416904932,50.2867708452466,50.2867708452466
38,0.6,643.2,0.39581538461538457,71749.0,1.793725,0.041872670172095436,49.14754846205686,0.41907692307692307,0.41907692307692307,15132.8,75664.0,75664.0,0.37832,1.8916,1.8916,0.008350458715262606,0.04175229357631303,0.04175229357631303,9.801251572971655,49.00625786485828,49.00625786485828
38,0.8,1547.6,0.9523692307692307,161290.4,4.03226,0.04195709020419144,53.44374829074401,0.9292307692307692,0.9292307692307692,31652.8,158264.0,158264.0,0.79132,3.9566,3.9566,0.008320329380500079,0.04160164690250039,0.04160164690250039,10.598198944289676,52.99099472144838,52.99099472144838
38,1.0,1847.2,1.1367384615384615,100662.6,2.516565,0.04214907536352366,46.61764156536961,1.150153846153846,1.150153846153846,20404.0,102020.0,102020.0,0.5101,2.5505,2.5505,0.00829868566018284,0.0414934283009142,0.0414934283009142,9.178496805291115,45.89248402645558,45.89248402645558
38,1.2,939.4,0.5780923076923077,97306.4,2.4326600000000003,0.042012798415065264,49.856769479734815,0.5741538461538461,0.5741538461538461,19293.6,96468.0,96468.0,0.48234000000000005,2.4117,2.4117,0.008392029133626914,0.041960145668134566,0.041960145668134566,9.958857247472068,49.79428623736034,49.79428623736034
38,1.4,922.5999999999999,0.5677538461538462,143393.6,3.58484,0.0418031342600163,43.30635160786498,0.5735384615384616,0.5735384615384616,28912.2,144561.0,144561.0,0.7228049999999999,3.614025,3.614025,0.008349872938867926,0.04174936469433963,0.04174936469433963,8.650129703730746,43.25064851865373,43.25064851865373
